match_id,season,start_date,city,venue,event,match_number,team1,team2,toss_winner,toss_decision,winner,win_by_runs,win_by_wickets,player_of_match,result,gender,match_type
1082591,2017,2017-04-05,Hyderabad,"Rajiv Gandhi International Stadium, Uppal",Indian Premier League,1,Sunrisers Hyderabad,Royal Challengers Bangalore,Royal Challengers Bangalore,field,Sunrisers Hyderabad,35,,Yuvraj Singh,,male,T20
1082592,2017,2017-04-06,Pune,Maharashtra Cricket Association Stadium,Indian Premier League,2,Rising Pune Supergiant,Mumbai Indians,Rising Pune Supergiant,field,Rising Pune Supergiant,,7,SPD Smith,,male,T20
1082593,2017,2017-04-07,Rajkot,Saurashtra Cricket Association Stadium,Indian Premier League,3,Gujarat Lions,Kolkata Knight Riders,Kolkata Knight Riders,field,Kolkata Knight Riders,,10,CA Lynn,,male,T20
1082594,2017,2017-04-08,Indore,Holkar Cricket Stadium,Indian Premier League,4,Kings XI Punjab,Rising Pune Supergiant,Kings XI Punjab,field,Kings XI Punjab,,6,GJ Maxwell,,male,T20
1082595,2017,2017-04-08,Bengaluru,M.Chinnaswamy Stadium,Indian Premier League,5,Royal Challengers Bangalore,Delhi Daredevils,Royal Challengers Bangalore,bat,Royal Challengers Bangalore,15,,KM Jadhav,,male,T20
1082596,2017,2017-04-09,Hyderabad,"Rajiv Gandhi International Stadium, Uppal",Indian Premier League,6,Sunrisers Hyderabad,Gujarat Lions,Sunrisers Hyderabad,field,Sunrisers Hyderabad,,9,Rashid Khan,,male,T20
1082597,2017,2017-04-09,Mumbai,Wankhede Stadium,Indian Premier League,7,Mumbai Indians,Kolkata Knight Riders,Mumbai Indians,field,Mumbai Indians,,4,N Rana,,male,T20
1082598,2017,2017-04-10,Indore,Holkar Cricket Stadium,Indian Premier League,8,Kings XI Punjab,Royal Challengers Bangalore,Royal Challengers Bangalore,bat,Kings XI Punjab,,8,AR Patel,,male,T20
1082599,2017,2017-04-11,Pune,Maharashtra Cricket Association Stadium,Indian Premier League,9,Rising Pune Supergiant,Delhi Daredevils,Rising Pune Supergiant,field,Delhi Daredevils,97,,SV Samson,,male,T20
1082600,2017,2017-04-12,Mumbai,Wankhede Stadium,Indian Premier League,10,Mumbai Indians,Sunrisers Hyderabad,Mumbai Indians,field,Mumbai Indians,,4,JJ Bumrah,,male,T20
1082601,2017,2017-04-13,Kolkata,Eden Gardens,Indian Premier League,11,Kolkata Knight Riders,Kings XI Punjab,Kolkata Knight Riders,field,Kolkata Knight Riders,,8,SP Narine,,male,T20
1082602,2017,2017-04-14,Bangalore,M Chinnaswamy Stadium,Indian Premier League,12,Royal Challengers Bangalore,Mumbai Indians,Mumbai Indians,field,Mumbai Indians,,4,KA Pollard,,male,T20
1082603,2017,2017-04-14,Rajkot,Saurashtra Cricket Association Stadium,Indian Premier League,13,Gujarat Lions,Rising Pune Supergiant,Gujarat Lions,field,Gujarat Lions,,7,AJ Tye,,male,T20
1082604,2017,2017-04-15,Kolkata,Eden Gardens,Indian Premier League,14,Kolkata Knight Riders,Sunrisers Hyderabad,Sunrisers Hyderabad,field,Kolkata Knight Riders,17,,RV Uthappa,,male,T20
1082605,2017,2017-04-15,Delhi,Feroz Shah Kotla,Indian Premier League,15,Delhi Daredevils,Kings XI Punjab,Delhi Daredevils,bat,Delhi Daredevils,51,,CJ Anderson,,male,T20
1082606,2017,2017-04-16,Mumbai,Wankhede Stadium,Indian Premier League,16,Mumbai Indians,Gujarat Lions,Mumbai Indians,field,Mumbai Indians,,6,N Rana,,male,T20
1082607,2017,2017-04-16,Bangalore,M Chinnaswamy Stadium,Indian Premier League,17,Royal Challengers Bangalore,Rising Pune Supergiant,Royal Challengers Bangalore,field,Rising Pune Supergiant,27,,BA Stokes,,male,T20
1082608,2017,2017-04-17,Delhi,Feroz Shah Kotla,Indian Premier League,18,Delhi Daredevils,Kolkata Knight Riders,Delhi Daredevils,bat,Kolkata Knight Riders,,4,NM Coulter-Nile,,male,T20
1082609,2017,2017-04-17,Hyderabad,"Rajiv Gandhi International Stadium, Uppal",Indian Premier League,19,Sunrisers Hyderabad,Kings XI Punjab,Kings XI Punjab,field,Sunrisers Hyderabad,5,,B Kumar,,male,T20
1082610,2017,2017-04-18,Rajkot,Saurashtra Cricket Association Stadium,Indian Premier League,20,Gujarat Lions,Royal Challengers Bangalore,Gujarat Lions,field,Royal Challengers Bangalore,21,,CH Gayle,,male,T20
1082611,2017,2017-04-19,Hyderabad,"Rajiv Gandhi International Stadium, Uppal",Indian Premier League,21,Sunrisers Hyderabad,Delhi Daredevils,Sunrisers Hyderabad,bat,Sunrisers Hyderabad,15,,KS Williamson,,male,T20
1082612,2017,2017-04-20,Indore,Holkar Cricket Stadium,Indian Premier League,22,Kings XI Punjab,Mumbai Indians,Mumbai Indians,field,Mumbai Indians,,8,JC Buttler,,male,T20
1082613,2017,2017-04-21,Kolkata,Eden Gardens,Indian Premier League,23,Kolkata Knight Riders,Gujarat Lions,Gujarat Lions,field,Gujarat Lions,,4,SK Raina,,male,T20
1082614,2017,2017-04-22,Mumbai,Wankhede Stadium,Indian Premier League,25,Mumbai Indians,Delhi Daredevils,Delhi Daredevils,field,Mumbai Indians,14,,MJ McClenaghan,,male,T20
1082615,2017,2017-04-22,Pune,Maharashtra Cricket Association Stadium,Indian Premier League,24,Rising Pune Supergiant,Sunrisers Hyderabad,Rising Pune Supergiant,field,Rising Pune Supergiant,,6,MS Dhoni,,male,T20
1082616,2017,2017-04-23,Rajkot,Saurashtra Cricket Association Stadium,Indian Premier League,26,Gujarat Lions,Kings XI Punjab,Gujarat Lions,field,Kings XI Punjab,26,,HM Amla,,male,T20
1082617,2017,2017-04-23,Kolkata,Eden Gardens,Indian Premier League,27,Kolkata Knight Riders,Royal Challengers Bangalore,Royal Challengers Bangalore,field,Kolkata Knight Riders,82,,NM Coulter-Nile,,male,T20
1082618,2017,2017-04-24,Mumbai,Wankhede Stadium,Indian Premier League,28,Mumbai Indians,Rising Pune Supergiant,Mumbai Indians,field,Rising Pune Supergiant,3,,BA Stokes,,male,T20
1082620,2017,2017-04-26,Pune,Maharashtra Cricket Association Stadium,Indian Premier League,30,Rising Pune Supergiant,Kolkata Knight Riders,Kolkata Knight Riders,field,Kolkata Knight Riders,,7,RV Uthappa,,male,T20
1082621,2017,2017-04-27,Bangalore,M Chinnaswamy Stadium,Indian Premier League,31,Royal Challengers Bangalore,Gujarat Lions,Gujarat Lions,field,Gujarat Lions,,7,AJ Tye,,male,T20
1082622,2017,2017-04-28,Kolkata,Eden Gardens,Indian Premier League,32,Kolkata Knight Riders,Delhi Daredevils,Kolkata Knight Riders,field,Kolkata Knight Riders,,7,G Gambhir,,male,T20
1082623,2017,2017-04-28,Chandigarh,"Punjab Cricket Association IS Bindra Stadium, Mohali",Indian Premier League,33,Kings XI Punjab,Sunrisers Hyderabad,Kings XI Punjab,field,Sunrisers Hyderabad,26,,Rashid Khan,,male,T20
1082624,2017,2017-04-29,Pune,Maharashtra Cricket Association Stadium,Indian Premier League,34,Rising Pune Supergiant,Royal Challengers Bangalore,Royal Challengers Bangalore,field,Rising Pune Supergiant,61,,LH Ferguson,,male,T20
1082625,2017,2017-04-29,Rajkot,Saurashtra Cricket Association Stadium,Indian Premier League,35,Gujarat Lions,Mumbai Indians,Gujarat Lions,bat,,,,KH Pandya,tie,male,T20
1082626,2017,2017-04-30,Chandigarh,"Punjab Cricket Association IS Bindra Stadium, Mohali",Indian Premier League,36,Kings XI Punjab,Delhi Daredevils,Kings XI Punjab,field,Kings XI Punjab,,10,Sandeep Sharma,,male,T20
1082627,2017,2017-04-30,Hyderabad,"Rajiv Gandhi International Stadium, Uppal",Indian Premier League,37,Sunrisers Hyderabad,Kolkata Knight Riders,Kolkata Knight Riders,field,Sunrisers Hyderabad,48,,DA Warner,,male,T20
1082628,2017,2017-05-01,Mumbai,Wankhede Stadium,Indian Premier League,38,Mumbai Indians,Royal Challengers Bangalore,Royal Challengers Bangalore,bat,Mumbai Indians,,5,RG Sharma,,male,T20
1082629,2017,2017-05-01,Pune,Maharashtra Cricket Association Stadium,Indian Premier League,39,Rising Pune Supergiant,Gujarat Lions,Rising Pune Supergiant,field,Rising Pune Supergiant,,5,BA Stokes,,male,T20
1082630,2017,2017-05-02,Delhi,Feroz Shah Kotla,Indian Premier League,40,Delhi Daredevils,Sunrisers Hyderabad,Delhi Daredevils,field,Delhi Daredevils,,6,Mohammed Shami,,male,T20
1082631,2017,2017-05-03,Kolkata,Eden Gardens,Indian Premier League,41,Kolkata Knight Riders,Rising Pune Supergiant,Rising Pune Supergiant,field,Rising Pune Supergiant,,4,RA Tripathi,,male,T20
1082632,2017,2017-05-04,Delhi,Feroz Shah Kotla,Indian Premier League,42,Delhi Daredevils,Gujarat Lions,Delhi Daredevils,field,Delhi Daredevils,,7,RR Pant,,male,T20
1082633,2017,2017-05-05,Bangalore,M Chinnaswamy Stadium,Indian Premier League,43,Royal Challengers Bangalore,Kings XI Punjab,Royal Challengers Bangalore,field,Kings XI Punjab,19,,Sandeep Sharma,,male,T20
1082634,2017,2017-05-06,Hyderabad,"Rajiv Gandhi International Stadium, Uppal",Indian Premier League,44,Sunrisers Hyderabad,Rising Pune Supergiant,Sunrisers Hyderabad,field,Rising Pune Supergiant,12,,JD Unadkat,,male,T20
1082635,2017,2017-05-06,Delhi,Feroz Shah Kotla,Indian Premier League,45,Delhi Daredevils,Mumbai Indians,Delhi Daredevils,field,Mumbai Indians,146,,LMP Simmons,,male,T20
1082636,2017,2017-05-07,Bangalore,M Chinnaswamy Stadium,Indian Premier League,46,Royal Challengers Bangalore,Kolkata Knight Riders,Kolkata Knight Riders,field,Kolkata Knight Riders,,6,SP Narine,,male,T20
1082637,2017,2017-05-07,Chandigarh,"Punjab Cricket Association IS Bindra Stadium, Mohali",Indian Premier League,47,Kings XI Punjab,Gujarat Lions,Gujarat Lions,field,Gujarat Lions,,6,DR Smith,,male,T20
1082638,2017,2017-05-08,Hyderabad,"Rajiv Gandhi International Stadium, Uppal",Indian Premier League,48,Sunrisers Hyderabad,Mumbai Indians,Mumbai Indians,bat,Sunrisers Hyderabad,,7,S Dhawan,,male,T20
1082639,2017,2017-05-09,Chandigarh,"Punjab Cricket Association IS Bindra Stadium, Mohali",Indian Premier League,49,Kings XI Punjab,Kolkata Knight Riders,Kolkata Knight Riders,field,Kings XI Punjab,14,,MM Sharma,,male,T20
1082640,2017,2017-05-10,Kanpur,Green Park,Indian Premier League,50,Gujarat Lions,Delhi Daredevils,Delhi Daredevils,field,Delhi Daredevils,,2,SS Iyer,,male,T20
1082641,2017,2017-05-11,Mumbai,Wankhede Stadium,Indian Premier League,51,Mumbai Indians,Kings XI Punjab,Mumbai Indians,field,Kings XI Punjab,7,,WP Saha,,male,T20
1082642,2017,2017-05-12,Delhi,Feroz Shah Kotla,Indian Premier League,52,Delhi Daredevils,Rising Pune Supergiant,Delhi Daredevils,bat,Delhi Daredevils,7,,KK Nair,,male,T20
1082643,2017,2017-05-13,Kanpur,Green Park,Indian Premier League,53,Gujarat Lions,Sunrisers Hyderabad,Sunrisers Hyderabad,field,Sunrisers Hyderabad,,8,Mohammed Siraj,,male,T20
1082644,2017,2017-05-13,Kolkata,Eden Gardens,Indian Premier League,54,Kolkata Knight Riders,Mumbai Indians,Kolkata Knight Riders,field,Mumbai Indians,9,,AT Rayudu,,male,T20
1082645,2017,2017-05-14,Pune,Maharashtra Cricket Association Stadium,Indian Premier League,55,Rising Pune Supergiant,Kings XI Punjab,Rising Pune Supergiant,field,Rising Pune Supergiant,,9,JD Unadkat,,male,T20
1082646,2017,2017-05-14,Delhi,Feroz Shah Kotla,Indian Premier League,56,Delhi Daredevils,Royal Challengers Bangalore,Royal Challengers Bangalore,bat,Royal Challengers Bangalore,10,,HV Patel,,male,T20
1082647,2017,2017-05-16,Mumbai,Wankhede Stadium,Indian Premier League,,Mumbai Indians,Rising Pune Supergiant,Mumbai Indians,field,Rising Pune Supergiant,20,,Washington Sundar,,male,T20
1082648,2017,2017-05-17,Bangalore,M Chinnaswamy Stadium,Indian Premier League,,Sunrisers Hyderabad,Kolkata Knight Riders,Kolkata Knight Riders,field,Kolkata Knight Riders,,7,NM Coulter-Nile,,male,T20
1082649,2017,2017-05-19,Bangalore,M Chinnaswamy Stadium,Indian Premier League,,Mumbai Indians,Kolkata Knight Riders,Mumbai Indians,field,Mumbai Indians,,6,KV Sharma,,male,T20
1082650,2017,2017-05-21,Hyderabad,"Rajiv Gandhi International Stadium, Uppal",Indian Premier League,,Mumbai Indians,Rising Pune Supergiant,Mumbai Indians,bat,Mumbai Indians,1,,KH Pandya,,male,T20
1136561,2018,2018-04-07,Mumbai,Wankhede Stadium,Indian Premier League,1,Mumbai Indians,Chennai Super Kings,Chennai Super Kings,field,Chennai Super Kings,,1,DJ Bravo,,male,T20
1136562,2018,2018-04-08,Chandigarh,Punjab Cricket Association IS Bindra Stadium,Indian Premier League,2,Delhi Daredevils,Kings XI Punjab,Kings XI Punjab,field,Kings XI Punjab,,6,KL Rahul,,male,T20
1136563,2018,2018-04-08,Kolkata,Eden Gardens,Indian Premier League,3,Royal Challengers Bangalore,Kolkata Knight Riders,Kolkata Knight Riders,field,Kolkata Knight Riders,,4,SP Narine,,male,T20
1136564,2018,2018-04-09,Hyderabad,Rajiv Gandhi International Stadium,Indian Premier League,4,Rajasthan Royals,Sunrisers Hyderabad,Sunrisers Hyderabad,field,Sunrisers Hyderabad,,9,S Dhawan,,male,T20
1136565,2018,2018-04-10,Chennai,MA Chidambaram Stadium,Indian Premier League,5,Kolkata Knight Riders,Chennai Super Kings,Chennai Super Kings,field,Chennai Super Kings,,5,SW Billings,,male,T20
1136566,2018,2018-04-11,Jaipur,Sawai Mansingh Stadium,Indian Premier League,6,Rajasthan Royals,Delhi Daredevils,Delhi Daredevils,field,Rajasthan Royals,10,,SV Samson,,male,T20
1136567,2018,2018-04-12,Hyderabad,Rajiv Gandhi International Stadium,Indian Premier League,7,Mumbai Indians,Sunrisers Hyderabad,Sunrisers Hyderabad,field,Sunrisers Hyderabad,,1,Rashid Khan,,male,T20
1136568,2018,2018-04-13,Bengaluru,M.Chinnaswamy Stadium,Indian Premier League,8,Kings XI Punjab,Royal Challengers Bangalore,Royal Challengers Bangalore,field,Royal Challengers Bangalore,,4,UT Yadav,,male,T20
1136569,2018,2018-04-14,Mumbai,Wankhede Stadium,Indian Premier League,9,Mumbai Indians,Delhi Daredevils,Delhi Daredevils,field,Delhi Daredevils,,7,JJ Roy,,male,T20
1136570,2018,2018-04-14,Kolkata,Eden Gardens,Indian Premier League,10,Kolkata Knight Riders,Sunrisers Hyderabad,Sunrisers Hyderabad,field,Sunrisers Hyderabad,,5,B Stanlake,,male,T20
1136571,2018,2018-04-15,Bengaluru,M.Chinnaswamy Stadium,Indian Premier League,11,Rajasthan Royals,Royal Challengers Bangalore,Royal Challengers Bangalore,field,Rajasthan Royals,19,,SV Samson,,male,T20
1136572,2018,2018-04-15,Chandigarh,Punjab Cricket Association IS Bindra Stadium,Indian Premier League,12,Kings XI Punjab,Chennai Super Kings,Chennai Super Kings,field,Kings XI Punjab,4,,CH Gayle,,male,T20
1136573,2018,2018-04-16,Kolkata,Eden Gardens,Indian Premier League,13,Kolkata Knight Riders,Delhi Daredevils,Delhi Daredevils,field,Kolkata Knight Riders,71,,N Rana,,male,T20
1136574,2018,2018-04-17,Mumbai,Wankhede Stadium,Indian Premier League,14,Mumbai Indians,Royal Challengers Bangalore,Royal Challengers Bangalore,field,Mumbai Indians,46,,RG Sharma,,male,T20
1136575,2018,2018-04-18,Jaipur,Sawai Mansingh Stadium,Indian Premier League,15,Rajasthan Royals,Kolkata Knight Riders,Kolkata Knight Riders,field,Kolkata Knight Riders,,7,N Rana,,male,T20
1136576,2018,2018-04-19,Chandigarh,Punjab Cricket Association IS Bindra Stadium,Indian Premier League,16,Kings XI Punjab,Sunrisers Hyderabad,Kings XI Punjab,bat,Kings XI Punjab,15,,CH Gayle,,male,T20
1136577,2018,2018-04-20,Pune,Maharashtra Cricket Association Stadium,Indian Premier League,17,Chennai Super Kings,Rajasthan Royals,Rajasthan Royals,field,Chennai Super Kings,64,,SR Watson,,male,T20
1136578,2018,2018-04-21,Kolkata,Eden Gardens,Indian Premier League,18,Kolkata Knight Riders,Kings XI Punjab,Kings XI Punjab,field,Kings XI Punjab,,9,KL Rahul,,male,T20
1136579,2018,2018-04-21,Bengaluru,M.Chinnaswamy Stadium,Indian Premier League,19,Delhi Daredevils,Royal Challengers Bangalore,Royal Challengers Bangalore,field,Royal Challengers Bangalore,,6,AB de Villiers,,male,T20
1136580,2018,2018-04-22,Hyderabad,Rajiv Gandhi International Stadium,Indian Premier League,20,Chennai Super Kings,Sunrisers Hyderabad,Sunrisers Hyderabad,field,Chennai Super Kings,4,,AT Rayudu,,male,T20
1136581,2018,2018-04-22,Jaipur,Sawai Mansingh Stadium,Indian Premier League,21,Mumbai Indians,Rajasthan Royals,Mumbai Indians,bat,Rajasthan Royals,,3,JC Archer,,male,T20
1136582,2018,2018-04-23,Delhi,Arun Jaitley Stadium,Indian Premier League,22,Kings XI Punjab,Delhi Daredevils,Delhi Daredevils,field,Kings XI Punjab,4,,AS Rajpoot,,male,T20
1136583,2018,2018-04-24,Mumbai,Wankhede Stadium,Indian Premier League,23,Sunrisers Hyderabad,Mumbai Indians,Mumbai Indians,field,Sunrisers Hyderabad,31,,Rashid Khan,,male,T20
1136584,2018,2018-04-25,Bengaluru,M.Chinnaswamy Stadium,Indian Premier League,24,Royal Challengers Bangalore,Chennai Super Kings,Chennai Super Kings,field,Chennai Super Kings,,5,MS Dhoni,,male,T20
1136585,2018,2018-04-26,Hyderabad,Rajiv Gandhi International Stadium,Indian Premier League,25,Sunrisers Hyderabad,Kings XI Punjab,Kings XI Punjab,field,Sunrisers Hyderabad,13,,AS Rajpoot,,male,T20
1136586,2018,2018-04-27,Delhi,Arun Jaitley Stadium,Indian Premier League,26,Delhi Daredevils,Kolkata Knight Riders,Kolkata Knight Riders,field,Delhi Daredevils,55,,SS Iyer,,male,T20
1136587,2018,2018-04-28,Pune,Maharashtra Cricket Association Stadium,Indian Premier League,27,Chennai Super Kings,Mumbai Indians,Mumbai Indians,field,Mumbai Indians,,8,RG Sharma,,male,T20
1136588,2018,2018-04-29,Jaipur,Sawai Mansingh Stadium,Indian Premier League,28,Sunrisers Hyderabad,Rajasthan Royals,Sunrisers Hyderabad,bat,Sunrisers Hyderabad,11,,KS Williamson,,male,T20
1136589,2018,2018-04-29,Bengaluru,M.Chinnaswamy Stadium,Indian Premier League,29,Royal Challengers Bangalore,Kolkata Knight Riders,Kolkata Knight Riders,field,Kolkata Knight Riders,,6,CA Lynn,,male,T20
1136590,2018,2018-04-30,Pune,Maharashtra Cricket Association Stadium,Indian Premier League,30,Chennai Super Kings,Delhi Daredevils,Delhi Daredevils,field,Chennai Super Kings,13,,SR Watson,,male,T20
1136591,2018,2018-05-01,Bengaluru,M.Chinnaswamy Stadium,Indian Premier League,31,Royal Challengers Bangalore,Mumbai Indians,Mumbai Indians,field,Royal Challengers Bangalore,14,,TG Southee,,male,T20
1136592,2018,2018-05-02,Delhi,Arun Jaitley Stadium,Indian Premier League,32,Delhi Daredevils,Rajasthan Royals,Rajasthan Royals,field,Delhi Daredevils,4,,RR Pant,,male,T20
1136593,2018,2018-05-03,Kolkata,Eden Gardens,Indian Premier League,33,Chennai Super Kings,Kolkata Knight Riders,Kolkata Knight Riders,field,Kolkata Knight Riders,,6,SP Narine,,male,T20
1136594,2018,2018-05-04,Indore,Holkar Cricket Stadium,Indian Premier League,34,Kings XI Punjab,Mumbai Indians,Mumbai Indians,field,Mumbai Indians,,6,SA Yadav,,male,T20
1136595,2018,2018-05-05,Pune,Maharashtra Cricket Association Stadium,Indian Premier League,35,Royal Challengers Bangalore,Chennai Super Kings,Chennai Super Kings,field,Chennai Super Kings,,6,RA Jadeja,,male,T20
1136596,2018,2018-05-05,Hyderabad,Rajiv Gandhi International Stadium,Indian Premier League,36,Delhi Daredevils,Sunrisers Hyderabad,Delhi Daredevils,bat,Sunrisers Hyderabad,,7,Rashid Khan,,male,T20
1136597,2018,2018-05-06,Mumbai,Wankhede Stadium,Indian Premier League,37,Mumbai Indians,Kolkata Knight Riders,Kolkata Knight Riders,field,Mumbai Indians,13,,HH Pandya,,male,T20
1136598,2018,2018-05-06,Indore,Holkar Cricket Stadium,Indian Premier League,38,Rajasthan Royals,Kings XI Punjab,Kings XI Punjab,field,Kings XI Punjab,,6,Mujeeb Ur Rahman,,male,T20
1136599,2018,2018-05-07,Hyderabad,Rajiv Gandhi International Stadium,Indian Premier League,39,Sunrisers Hyderabad,Royal Challengers Bangalore,Royal Challengers Bangalore,field,Sunrisers Hyderabad,5,,KS Williamson,,male,T20
1136600,2018,2018-05-08,Jaipur,Sawai Mansingh Stadium,Indian Premier League,40,Rajasthan Royals,Kings XI Punjab,Rajasthan Royals,bat,Rajasthan Royals,15,,JC Buttler,,male,T20
1136601,2018,2018-05-09,Kolkata,Eden Gardens,Indian Premier League,41,Mumbai Indians,Kolkata Knight Riders,Kolkata Knight Riders,field,Mumbai Indians,102,,Ishan Kishan,,male,T20
1136602,2018,2018-05-10,Delhi,Arun Jaitley Stadium,Indian Premier League,42,Delhi Daredevils,Sunrisers Hyderabad,Delhi Daredevils,bat,Sunrisers Hyderabad,,9,S Dhawan,,male,T20
1136603,2018,2018-05-11,Jaipur,Sawai Mansingh Stadium,Indian Premier League,43,Chennai Super Kings,Rajasthan Royals,Chennai Super Kings,bat,Rajasthan Royals,,4,JC Buttler,,male,T20
1136604,2018,2018-05-12,Indore,Holkar Cricket Stadium,Indian Premier League,44,Kolkata Knight Riders,Kings XI Punjab,Kings XI Punjab,field,Kolkata Knight Riders,31,,SP Narine,,male,T20
1136605,2018,2018-05-12,Delhi,Arun Jaitley Stadium,Indian Premier League,45,Delhi Daredevils,Royal Challengers Bangalore,Royal Challengers Bangalore,field,Royal Challengers Bangalore,,5,AB de Villiers,,male,T20
1136606,2018,2018-05-13,Pune,Maharashtra Cricket Association Stadium,Indian Premier League,46,Sunrisers Hyderabad,Chennai Super Kings,Chennai Super Kings,field,Chennai Super Kings,,8,AT Rayudu,,male,T20
1136607,2018,2018-05-13,Mumbai,Wankhede Stadium,Indian Premier League,47,Mumbai Indians,Rajasthan Royals,Rajasthan Royals,field,Rajasthan Royals,,7,JC Buttler,,male,T20
1136608,2018,2018-05-14,Indore,Holkar Cricket Stadium,Indian Premier League,48,Kings XI Punjab,Royal Challengers Bangalore,Royal Challengers Bangalore,field,Royal Challengers Bangalore,,10,UT Yadav,,male,T20
1136609,2018,2018-05-15,Kolkata,Eden Gardens,Indian Premier League,49,Rajasthan Royals,Kolkata Knight Riders,Kolkata Knight Riders,field,Kolkata Knight Riders,,6,Kuldeep Yadav,,male,T20
1136610,2018,2018-05-16,Mumbai,Wankhede Stadium,Indian Premier League,50,Mumbai Indians,Kings XI Punjab,Kings XI Punjab,field,Mumbai Indians,3,,JJ Bumrah,,male,T20
1136611,2018,2018-05-17,Bengaluru,M.Chinnaswamy Stadium,Indian Premier League,51,Royal Challengers Bangalore,Sunrisers Hyderabad,Sunrisers Hyderabad,field,Royal Challengers Bangalore,14,,AB de Villiers,,male,T20
1136612,2018,2018-05-18,Delhi,Arun Jaitley Stadium,Indian Premier League,52,Delhi Daredevils,Chennai Super Kings,Chennai Super Kings,field,Delhi Daredevils,34,,HV Patel,,male,T20
1136613,2018,2018-05-19,Jaipur,Sawai Mansingh Stadium,Indian Premier League,53,Rajasthan Royals,Royal Challengers Bangalore,Rajasthan Royals,bat,Rajasthan Royals,30,,S Gopal,,male,T20
1136614,2018,2018-05-19,Hyderabad,Rajiv Gandhi International Stadium,Indian Premier League,54,Sunrisers Hyderabad,Kolkata Knight Riders,Sunrisers Hyderabad,bat,Kolkata Knight Riders,,5,CA Lynn,,male,T20
1136615,2018,2018-05-20,Delhi,Arun Jaitley Stadium,Indian Premier League,55,Delhi Daredevils,Mumbai Indians,Delhi Daredevils,bat,Delhi Daredevils,11,,A Mishra,,male,T20
1136616,2018,2018-05-20,Pune,Maharashtra Cricket Association Stadium,Indian Premier League,56,Kings XI Punjab,Chennai Super Kings,Chennai Super Kings,field,Chennai Super Kings,,5,L Ngidi,,male,T20
1136617,2018,2018-05-22,Mumbai,Wankhede Stadium,Indian Premier League,,Sunrisers Hyderabad,Chennai Super Kings,Chennai Super Kings,field,Chennai Super Kings,,2,F du Plessis,,male,T20
1136618,2018,2018-05-23,Kolkata,Eden Gardens,Indian Premier League,,Kolkata Knight Riders,Rajasthan Royals,Rajasthan Royals,field,Kolkata Knight Riders,25,,AD Russell,,male,T20
1136619,2018,2018-05-25,Kolkata,Eden Gardens,Indian Premier League,,Sunrisers Hyderabad,Kolkata Knight Riders,Kolkata Knight Riders,field,Sunrisers Hyderabad,14,,Rashid Khan,,male,T20
1136620,2018,2018-05-27,Mumbai,Wankhede Stadium,Indian Premier League,,Sunrisers Hyderabad,Chennai Super Kings,Chennai Super Kings,field,Chennai Super Kings,,8,SR Watson,,male,T20
1175356,2019,2019-03-23,Chennai,MA Chidambaram Stadium,Indian Premier League,1,Royal Challengers Bangalore,Chennai Super Kings,Chennai Super Kings,field,Chennai Super Kings,,7,Harbhajan Singh,,male,T20
1175357,2019,2019-03-24,Kolkata,Eden Gardens,Indian Premier League,2,Sunrisers Hyderabad,Kolkata Knight Riders,Kolkata Knight Riders,field,Kolkata Knight Riders,,6,AD Russell,,male,T20
1175358,2019,2019-03-24,Mumbai,Wankhede Stadium,Indian Premier League,3,Delhi Capitals,Mumbai Indians,Mumbai Indians,field,Delhi Capitals,37,,RR Pant,,male,T20
1175359,2019,2019-03-25,Jaipur,Sawai Mansingh Stadium,Indian Premier League,4,Kings XI Punjab,Rajasthan Royals,Rajasthan Royals,field,Kings XI Punjab,14,,CH Gayle,,male,T20
1175360,2019,2019-03-26,Delhi,Arun Jaitley Stadium,Indian Premier League,5,Delhi Capitals,Chennai Super Kings,Delhi Capitals,bat,Chennai Super Kings,,6,SR Watson,,male,T20
1175361,2019,2019-03-27,Kolkata,Eden Gardens,Indian Premier League,6,Kolkata Knight Riders,Kings XI Punjab,Kings XI Punjab,field,Kolkata Knight Riders,28,,AD Russell,,male,T20
1175362,2019,2019-03-28,Bengaluru,M.Chinnaswamy Stadium,Indian Premier League,7,Mumbai Indians,Royal Challengers Bangalore,Royal Challengers Bangalore,field,Mumbai Indians,6,,JJ Bumrah,,male,T20
1175363,2019,2019-03-29,Hyderabad,Rajiv Gandhi International Stadium,Indian Premier League,8,Rajasthan Royals,Sunrisers Hyderabad,Rajasthan Royals,bat,Sunrisers Hyderabad,,5,Rashid Khan,,male,T20
1175364,2019,2019-03-30,Chandigarh,Punjab Cricket Association IS Bindra Stadium,Indian Premier League,9,Mumbai Indians,Kings XI Punjab,Kings XI Punjab,field,Kings XI Punjab,,8,MA Agarwal,,male,T20
1175365,2019,2019-03-30,Delhi,Arun Jaitley Stadium,Indian Premier League,10,Kolkata Knight Riders,Delhi Capitals,Delhi Capitals,field,,,,PP Shaw,tie,male,T20
1175366,2019,2019-03-31,Hyderabad,Rajiv Gandhi International Stadium,Indian Premier League,11,Sunrisers Hyderabad,Royal Challengers Bangalore,Royal Challengers Bangalore,field,Sunrisers Hyderabad,118,,JM Bairstow,,male,T20
1175367,2019,2019-03-31,Chennai,MA Chidambaram Stadium,Indian Premier League,12,Chennai Super Kings,Rajasthan Royals,Rajasthan Royals,field,Chennai Super Kings,8,,MS Dhoni,,male,T20
1175368,2019,2019-04-01,Chandigarh,Punjab Cricket Association IS Bindra Stadium,Indian Premier League,13,Kings XI Punjab,Delhi Capitals,Delhi Capitals,field,Kings XI Punjab,14,,SM Curran,,male,T20
1175369,2019,2019-04-02,Jaipur,Sawai Mansingh Stadium,Indian Premier League,14,Royal Challengers Bangalore,Rajasthan Royals,Rajasthan Royals,field,Rajasthan Royals,,7,S Gopal,,male,T20
1175370,2019,2019-04-03,Mumbai,Wankhede Stadium,Indian Premier League,15,Mumbai Indians,Chennai Super Kings,Chennai Super Kings,field,Mumbai Indians,37,,HH Pandya,,male,T20
1175371,2019,2019-04-04,Delhi,Arun Jaitley Stadium,Indian Premier League,16,Delhi Capitals,Sunrisers Hyderabad,Sunrisers Hyderabad,field,Sunrisers Hyderabad,,5,JM Bairstow,,male,T20
1175372,2019,2019-04-05,Bengaluru,M.Chinnaswamy Stadium,Indian Premier League,17,Royal Challengers Bangalore,Kolkata Knight Riders,Kolkata Knight Riders,field,Kolkata Knight Riders,,5,AD Russell,,male,T20
1178393,2019,2019-04-06,Chennai,MA Chidambaram Stadium,Indian Premier League,18,Chennai Super Kings,Kings XI Punjab,Chennai Super Kings,bat,Chennai Super Kings,22,,Harbhajan Singh,,male,T20
1178394,2019,2019-04-06,Hyderabad,Rajiv Gandhi International Stadium,Indian Premier League,19,Mumbai Indians,Sunrisers Hyderabad,Sunrisers Hyderabad,field,Mumbai Indians,40,,AS Joseph,,male,T20
1178395,2019,2019-04-07,Bengaluru,M.Chinnaswamy Stadium,Indian Premier League,20,Royal Challengers Bangalore,Delhi Capitals,Delhi Capitals,field,Delhi Capitals,,4,K Rabada,,male,T20
1178396,2019,2019-04-07,Jaipur,Sawai Mansingh Stadium,Indian Premier League,21,Rajasthan Royals,Kolkata Knight Riders,Kolkata Knight Riders,field,Kolkata Knight Riders,,8,HF Gurney,,male,T20
1178397,2019,2019-04-08,Chandigarh,Punjab Cricket Association IS Bindra Stadium,Indian Premier League,22,Sunrisers Hyderabad,Kings XI Punjab,Kings XI Punjab,field,Kings XI Punjab,,6,KL Rahul,,male,T20
1178398,2019,2019-04-09,Chennai,MA Chidambaram Stadium,Indian Premier League,23,Kolkata Knight Riders,Chennai Super Kings,Chennai Super Kings,field,Chennai Super Kings,,7,DL Chahar,,male,T20
1178399,2019,2019-04-10,Mumbai,Wankhede Stadium,Indian Premier League,24,Kings XI Punjab,Mumbai Indians,Mumbai Indians,field,Mumbai Indians,,3,KA Pollard,,male,T20
1178400,2019,2019-04-11,Jaipur,Sawai Mansingh Stadium,Indian Premier League,25,Rajasthan Royals,Chennai Super Kings,Chennai Super Kings,field,Chennai Super Kings,,4,MS Dhoni,,male,T20
1178401,2019,2019-04-12,Kolkata,Eden Gardens,Indian Premier League,26,Kolkata Knight Riders,Delhi Capitals,Delhi Capitals,field,Delhi Capitals,,7,S Dhawan,,male,T20
1178402,2019,2019-04-13,Mumbai,Wankhede Stadium,Indian Premier League,27,Mumbai Indians,Rajasthan Royals,Rajasthan Royals,field,Rajasthan Royals,,4,JC Buttler,,male,T20
1178403,2019,2019-04-13,Chandigarh,Punjab Cricket Association IS Bindra Stadium,Indian Premier League,28,Kings XI Punjab,Royal Challengers Bangalore,Royal Challengers Bangalore,field,Royal Challengers Bangalore,,8,AB de Villiers,,male,T20
1178404,2019,2019-04-14,Kolkata,Eden Gardens,Indian Premier League,29,Kolkata Knight Riders,Chennai Super Kings,Chennai Super Kings,field,Chennai Super Kings,,5,Imran Tahir,,male,T20
1178405,2019,2019-04-14,Hyderabad,Rajiv Gandhi International Stadium,Indian Premier League,30,Delhi Capitals,Sunrisers Hyderabad,Sunrisers Hyderabad,field,Delhi Capitals,39,,KMA Paul,,male,T20
1178406,2019,2019-04-15,Mumbai,Wankhede Stadium,Indian Premier League,31,Royal Challengers Bangalore,Mumbai Indians,Mumbai Indians,field,Mumbai Indians,,5,SL Malinga,,male,T20
1178407,2019,2019-04-16,Chandigarh,Punjab Cricket Association IS Bindra Stadium,Indian Premier League,32,Kings XI Punjab,Rajasthan Royals,Rajasthan Royals,field,Kings XI Punjab,12,,R Ashwin,,male,T20
1178408,2019,2019-04-17,Hyderabad,Rajiv Gandhi International Stadium,Indian Premier League,33,Chennai Super Kings,Sunrisers Hyderabad,Chennai Super Kings,bat,Sunrisers Hyderabad,,6,DA Warner,,male,T20
1178409,2019,2019-04-18,Delhi,Arun Jaitley Stadium,Indian Premier League,34,Mumbai Indians,Delhi Capitals,Mumbai Indians,bat,Mumbai Indians,40,,HH Pandya,,male,T20
1178410,2019,2019-04-19,Kolkata,Eden Gardens,Indian Premier League,35,Royal Challengers Bangalore,Kolkata Knight Riders,Kolkata Knight Riders,field,Royal Challengers Bangalore,10,,V Kohli,,male,T20
1178411,2019,2019-04-20,Jaipur,Sawai Mansingh Stadium,Indian Premier League,36,Mumbai Indians,Rajasthan Royals,Rajasthan Royals,field,Rajasthan Royals,,5,SPD Smith,,male,T20
1178412,2019,2019-04-20,Delhi,Arun Jaitley Stadium,Indian Premier League,37,Kings XI Punjab,Delhi Capitals,Delhi Capitals,field,Delhi Capitals,,5,SS Iyer,,male,T20
1178413,2019,2019-04-21,Hyderabad,Rajiv Gandhi International Stadium,Indian Premier League,38,Kolkata Knight Riders,Sunrisers Hyderabad,Sunrisers Hyderabad,field,Sunrisers Hyderabad,,9,KK Ahmed,,male,T20
1178414,2019,2019-04-21,Bengaluru,M.Chinnaswamy Stadium,Indian Premier League,39,Royal Challengers Bangalore,Chennai Super Kings,Chennai Super Kings,field,Royal Challengers Bangalore,1,,PA Patel,,male,T20
1178415,2019,2019-04-22,Jaipur,Sawai Mansingh Stadium,Indian Premier League,40,Rajasthan Royals,Delhi Capitals,Delhi Capitals,field,Delhi Capitals,,6,RR Pant,,male,T20
1178416,2019,2019-04-23,Chennai,MA Chidambaram Stadium,Indian Premier League,41,Sunrisers Hyderabad,Chennai Super Kings,Chennai Super Kings,field,Chennai Super Kings,,6,SR Watson,,male,T20
1178417,2019,2019-04-24,Bengaluru,M.Chinnaswamy Stadium,Indian Premier League,42,Royal Challengers Bangalore,Kings XI Punjab,Kings XI Punjab,field,Royal Challengers Bangalore,17,,AB de Villiers,,male,T20
1178418,2019,2019-04-25,Kolkata,Eden Gardens,Indian Premier League,43,Kolkata Knight Riders,Rajasthan Royals,Rajasthan Royals,field,Rajasthan Royals,,3,VR Aaron,,male,T20
1178419,2019,2019-04-26,Chennai,MA Chidambaram Stadium,Indian Premier League,44,Mumbai Indians,Chennai Super Kings,Chennai Super Kings,field,Mumbai Indians,46,,RG Sharma,,male,T20
1178420,2019,2019-04-27,Jaipur,Sawai Mansingh Stadium,Indian Premier League,45,Sunrisers Hyderabad,Rajasthan Royals,Rajasthan Royals,field,Rajasthan Royals,,7,JD Unadkat,,male,T20
1178421,2019,2019-04-28,Delhi,Arun Jaitley Stadium,Indian Premier League,46,Delhi Capitals,Royal Challengers Bangalore,Delhi Capitals,bat,Delhi Capitals,16,,S Dhawan,,male,T20
1178422,2019,2019-04-28,Kolkata,Eden Gardens,Indian Premier League,47,Kolkata Knight Riders,Mumbai Indians,Mumbai Indians,field,Kolkata Knight Riders,34,,AD Russell,,male,T20
1178423,2019,2019-04-29,Hyderabad,Rajiv Gandhi International Stadium,Indian Premier League,48,Sunrisers Hyderabad,Kings XI Punjab,Kings XI Punjab,field,Sunrisers Hyderabad,45,,DA Warner,,male,T20
1178424,2019,2019-04-30,Bengaluru,M.Chinnaswamy Stadium,Indian Premier League,49,Royal Challengers Bangalore,Rajasthan Royals,Rajasthan Royals,field,,,,,no result,male,T20
1178425,2019,2019-05-01,Chennai,MA Chidambaram Stadium,Indian Premier League,50,Chennai Super Kings,Delhi Capitals,Delhi Capitals,field,Chennai Super Kings,80,,MS Dhoni,,male,T20
1178426,2019,2019-05-02,Mumbai,Wankhede Stadium,Indian Premier League,51,Mumbai Indians,Sunrisers Hyderabad,Mumbai Indians,bat,,,,JJ Bumrah,tie,male,T20
1178427,2019,2019-05-03,Chandigarh,Punjab Cricket Association IS Bindra Stadium,Indian Premier League,52,Kings XI Punjab,Kolkata Knight Riders,Kolkata Knight Riders,field,Kolkata Knight Riders,,7,Shubman Gill,,male,T20
1178428,2019,2019-05-04,Delhi,Arun Jaitley Stadium,Indian Premier League,53,Rajasthan Royals,Delhi Capitals,Rajasthan Royals,bat,Delhi Capitals,,5,A Mishra,,male,T20
1178429,2019,2019-05-04,Bengaluru,M.Chinnaswamy Stadium,Indian Premier League,54,Sunrisers Hyderabad,Royal Challengers Bangalore,Royal Challengers Bangalore,field,Royal Challengers Bangalore,,4,SO Hetmyer,,male,T20
1178430,2019,2019-05-05,Chandigarh,Punjab Cricket Association IS Bindra Stadium,Indian Premier League,55,Chennai Super Kings,Kings XI Punjab,Kings XI Punjab,field,Kings XI Punjab,,6,KL Rahul,,male,T20
1178431,2019,2019-05-05,Mumbai,Wankhede Stadium,Indian Premier League,56,Kolkata Knight Riders,Mumbai Indians,Mumbai Indians,field,Mumbai Indians,,9,HH Pandya,,male,T20
1181764,2019,2019-05-07,Chennai,MA Chidambaram Stadium,Indian Premier League,,Chennai Super Kings,Mumbai Indians,Chennai Super Kings,bat,Mumbai Indians,,6,SA Yadav,,male,T20
1181766,2019,2019-05-08,Visakhapatnam,Dr. Y.S. Rajasekhara Reddy ACA-VDCA Cricket Stadium,Indian Premier League,,Sunrisers Hyderabad,Delhi Capitals,Delhi Capitals,field,Delhi Capitals,,2,RR Pant,,male,T20
1181767,2019,2019-05-10,Visakhapatnam,Dr. Y.S. Rajasekhara Reddy ACA-VDCA Cricket Stadium,Indian Premier League,,Delhi Capitals,Chennai Super Kings,Chennai Super Kings,field,Chennai Super Kings,,6,F du Plessis,,male,T20
1181768,2019,2019-05-12,Hyderabad,Rajiv Gandhi International Stadium,Indian Premier League,,Mumbai Indians,Chennai Super Kings,Mumbai Indians,bat,Mumbai Indians,1,,JJ Bumrah,,male,T20
1216492,2020/21,2020-09-19,Abu Dhabi,Sheikh Zayed Stadium,Indian Premier League,1,Mumbai Indians,Chennai Super Kings,Chennai Super Kings,field,Chennai Super Kings,,5,AT Rayudu,,male,T20
1216493,2020/21,2020-09-20,,Dubai International Cricket Stadium,Indian Premier League,2,Delhi Capitals,Kings XI Punjab,Kings XI Punjab,field,,,,MP Stoinis,tie,male,T20
1216494,2020/21,2020-10-21,Abu Dhabi,Sheikh Zayed Stadium,Indian Premier League,39,Kolkata Knight Riders,Royal Challengers Bangalore,Kolkata Knight Riders,bat,Royal Challengers Bangalore,,8,Mohammed Siraj,,male,T20
1216495,2020/21,2020-11-03,,Sharjah Cricket Stadium,Indian Premier League,56,Mumbai Indians,Sunrisers Hyderabad,Sunrisers Hyderabad,field,Sunrisers Hyderabad,,10,S Nadeem,,male,T20
1216496,2020/21,2020-09-22,,Sharjah Cricket Stadium,Indian Premier League,4,Rajasthan Royals,Chennai Super Kings,Chennai Super Kings,field,Rajasthan Royals,16,,SV Samson,,male,T20
1216497,2020/21,2020-10-24,Abu Dhabi,Sheikh Zayed Stadium,Indian Premier League,42,Kolkata Knight Riders,Delhi Capitals,Delhi Capitals,field,Kolkata Knight Riders,59,,CV Varun,,male,T20
1216498,2020/21,2020-10-24,,Dubai International Cricket Stadium,Indian Premier League,43,Kings XI Punjab,Sunrisers Hyderabad,Sunrisers Hyderabad,field,Kings XI Punjab,12,,CJ Jordan,,male,T20
1216499,2020/21,2020-10-28,Abu Dhabi,Sheikh Zayed Stadium,Indian Premier League,48,Royal Challengers Bangalore,Mumbai Indians,Mumbai Indians,field,Mumbai Indians,,5,SA Yadav,,male,T20
1216500,2020/21,2020-10-09,,Sharjah Cricket Stadium,Indian Premier League,23,Delhi Capitals,Rajasthan Royals,Rajasthan Royals,field,Delhi Capitals,46,,R Ashwin,,male,T20
1216501,2020/21,2020-10-07,Abu Dhabi,Sheikh Zayed Stadium,Indian Premier League,21,Kolkata Knight Riders,Chennai Super Kings,Kolkata Knight Riders,bat,Kolkata Knight Riders,10,,RA Tripathi,,male,T20
1216502,2020/21,2020-10-31,,Sharjah Cricket Stadium,Indian Premier League,52,Royal Challengers Bangalore,Sunrisers Hyderabad,Sunrisers Hyderabad,field,Sunrisers Hyderabad,,5,Sandeep Sharma,,male,T20
1216503,2020/21,2020-10-01,Abu Dhabi,Sheikh Zayed Stadium,Indian Premier League,13,Mumbai Indians,Kings XI Punjab,Kings XI Punjab,field,Mumbai Indians,48,,KA Pollard,,male,T20
1216504,2020/21,2020-09-30,,Dubai International Cricket Stadium,Indian Premier League,12,Kolkata Knight Riders,Rajasthan Royals,Rajasthan Royals,field,Kolkata Knight Riders,37,,Shivam Mavi,,male,T20
1216505,2020/21,2020-11-02,Abu Dhabi,Sheikh Zayed Stadium,Indian Premier League,55,Royal Challengers Bangalore,Delhi Capitals,Delhi Capitals,field,Delhi Capitals,,6,A Nortje,,male,T20
1216506,2020/21,2020-11-01,Abu Dhabi,Sheikh Zayed Stadium,Indian Premier League,53,Kings XI Punjab,Chennai Super Kings,Chennai Super Kings,field,Chennai Super Kings,,9,RD Gaikwad,,male,T20
1216507,2020/21,2020-10-11,,Dubai International Cricket Stadium,Indian Premier League,26,Sunrisers Hyderabad,Rajasthan Royals,Sunrisers Hyderabad,bat,Rajasthan Royals,,5,R Tewatia,,male,T20
1216508,2020/21,2020-09-23,Abu Dhabi,Sheikh Zayed Stadium,Indian Premier League,5,Mumbai Indians,Kolkata Knight Riders,Kolkata Knight Riders,field,Mumbai Indians,49,,RG Sharma,,male,T20
1216509,2020/21,2020-10-17,,Sharjah Cricket Stadium,Indian Premier League,34,Chennai Super Kings,Delhi Capitals,Chennai Super Kings,bat,Delhi Capitals,,5,S Dhawan,,male,T20
1216510,2020/21,2020-09-24,,Dubai International Cricket Stadium,Indian Premier League,6,Kings XI Punjab,Royal Challengers Bangalore,Royal Challengers Bangalore,field,Kings XI Punjab,97,,KL Rahul,,male,T20
1216511,2020/21,2020-10-06,Abu Dhabi,Sheikh Zayed Stadium,Indian Premier League,20,Mumbai Indians,Rajasthan Royals,Mumbai Indians,bat,Mumbai Indians,57,,SA Yadav,,male,T20
1216512,2020/21,2020-10-18,Abu Dhabi,Sheikh Zayed Stadium,Indian Premier League,35,Kolkata Knight Riders,Sunrisers Hyderabad,Sunrisers Hyderabad,field,,,,LH Ferguson,tie,male,T20
1216513,2020/21,2020-10-04,,Dubai International Cricket Stadium,Indian Premier League,18,Kings XI Punjab,Chennai Super Kings,Kings XI Punjab,bat,Chennai Super Kings,,10,SR Watson,,male,T20
1216514,2020/21,2020-10-03,Abu Dhabi,Sheikh Zayed Stadium,Indian Premier League,15,Rajasthan Royals,Royal Challengers Bangalore,Rajasthan Royals,bat,Royal Challengers Bangalore,,8,YS Chahal,,male,T20
1216515,2020/21,2020-10-03,,Sharjah Cricket Stadium,Indian Premier League,16,Delhi Capitals,Kolkata Knight Riders,Kolkata Knight Riders,field,Delhi Capitals,18,,SS Iyer,,male,T20
1216516,2020/21,2020-10-02,,Dubai International Cricket Stadium,Indian Premier League,14,Sunrisers Hyderabad,Chennai Super Kings,Sunrisers Hyderabad,bat,Sunrisers Hyderabad,7,,PK Garg,,male,T20
1216517,2020/21,2020-10-18,,Dubai International Cricket Stadium,Indian Premier League,36,Mumbai Indians,Kings XI Punjab,Mumbai Indians,bat,,,,KL Rahul,tie,male,T20
1216518,2020/21,2020-10-22,,Dubai International Cricket Stadium,Indian Premier League,40,Rajasthan Royals,Sunrisers Hyderabad,Sunrisers Hyderabad,field,Sunrisers Hyderabad,,8,MK Pandey,,male,T20
1216519,2020/21,2020-10-05,,Dubai International Cricket Stadium,Indian Premier League,19,Delhi Capitals,Royal Challengers Bangalore,Royal Challengers Bangalore,field,Delhi Capitals,59,,AR Patel,,male,T20
1216520,2020/21,2020-10-26,,Sharjah Cricket Stadium,Indian Premier League,46,Kolkata Knight Riders,Kings XI Punjab,Kings XI Punjab,field,Kings XI Punjab,,8,CH Gayle,,male,T20
1216521,2020/21,2020-10-23,,Sharjah Cricket Stadium,Indian Premier League,41,Chennai Super Kings,Mumbai Indians,Mumbai Indians,field,Mumbai Indians,,10,TA Boult,,male,T20
1216522,2020/21,2020-10-17,,Dubai International Cricket Stadium,Indian Premier League,33,Rajasthan Royals,Royal Challengers Bangalore,Rajasthan Royals,bat,Royal Challengers Bangalore,,7,AB de Villiers,,male,T20
1216523,2020/21,2020-10-10,Abu Dhabi,Sheikh Zayed Stadium,Indian Premier League,24,Kolkata Knight Riders,Kings XI Punjab,Kolkata Knight Riders,bat,Kolkata Knight Riders,2,,KD Karthik,,male,T20
1216524,2020/21,2020-10-27,,Dubai International Cricket Stadium,Indian Premier League,47,Sunrisers Hyderabad,Delhi Capitals,Delhi Capitals,field,Sunrisers Hyderabad,88,,WP Saha,,male,T20
1216525,2020/21,2020-10-10,,Dubai International Cricket Stadium,Indian Premier League,25,Royal Challengers Bangalore,Chennai Super Kings,Royal Challengers Bangalore,bat,Royal Challengers Bangalore,37,,V Kohli,,male,T20
1216526,2020/21,2020-10-16,Abu Dhabi,Sheikh Zayed Stadium,Indian Premier League,32,Kolkata Knight Riders,Mumbai Indians,Kolkata Knight Riders,bat,Mumbai Indians,,8,Q de Kock,,male,T20
1216527,2020/21,2020-09-27,,Sharjah Cricket Stadium,Indian Premier League,9,Kings XI Punjab,Rajasthan Royals,Rajasthan Royals,field,Rajasthan Royals,,4,SV Samson,,male,T20
1216528,2020/21,2020-10-13,,Dubai International Cricket Stadium,Indian Premier League,29,Chennai Super Kings,Sunrisers Hyderabad,Chennai Super Kings,bat,Chennai Super Kings,20,,RA Jadeja,,male,T20
1216529,2020/21,2020-10-11,Abu Dhabi,Sheikh Zayed Stadium,Indian Premier League,27,Delhi Capitals,Mumbai Indians,Delhi Capitals,bat,Mumbai Indians,,5,Q de Kock,,male,T20
1216530,2020/21,2020-11-01,,Dubai International Cricket Stadium,Indian Premier League,54,Kolkata Knight Riders,Rajasthan Royals,Rajasthan Royals,field,Kolkata Knight Riders,60,,PJ Cummins,,male,T20
1216531,2020/21,2020-10-15,,Sharjah Cricket Stadium,Indian Premier League,31,Royal Challengers Bangalore,Kings XI Punjab,Royal Challengers Bangalore,bat,Kings XI Punjab,,8,KL Rahul,,male,T20
1216532,2020/21,2020-09-29,Abu Dhabi,Sheikh Zayed Stadium,Indian Premier League,11,Sunrisers Hyderabad,Delhi Capitals,Delhi Capitals,field,Sunrisers Hyderabad,15,,Rashid Khan,,male,T20
1216533,2020/21,2020-10-19,Abu Dhabi,Sheikh Zayed Stadium,Indian Premier League,37,Chennai Super Kings,Rajasthan Royals,Chennai Super Kings,bat,Rajasthan Royals,,7,JC Buttler,,male,T20
1216534,2020/21,2020-09-21,,Dubai International Cricket Stadium,Indian Premier League,3,Royal Challengers Bangalore,Sunrisers Hyderabad,Sunrisers Hyderabad,field,Royal Challengers Bangalore,10,,YS Chahal,,male,T20
1216535,2020/21,2020-10-31,,Dubai International Cricket Stadium,Indian Premier League,51,Delhi Capitals,Mumbai Indians,Mumbai Indians,field,Mumbai Indians,,9,Ishan Kishan,,male,T20
1216536,2020/21,2020-10-29,,Dubai International Cricket Stadium,Indian Premier League,49,Kolkata Knight Riders,Chennai Super Kings,Chennai Super Kings,field,Chennai Super Kings,,6,RD Gaikwad,,male,T20
1216537,2020/21,2020-10-30,Abu Dhabi,Sheikh Zayed Stadium,Indian Premier League,50,Kings XI Punjab,Rajasthan Royals,Rajasthan Royals,field,Rajasthan Royals,,7,BA Stokes,,male,T20
1216538,2020/21,2020-10-04,,Sharjah Cricket Stadium,Indian Premier League,17,Mumbai Indians,Sunrisers Hyderabad,Mumbai Indians,bat,Mumbai Indians,34,,TA Boult,,male,T20
1216539,2020/21,2020-09-25,,Dubai International Cricket Stadium,Indian Premier League,7,Delhi Capitals,Chennai Super Kings,Chennai Super Kings,field,Delhi Capitals,44,,PP Shaw,,male,T20
1216540,2020/21,2020-10-12,,Sharjah Cricket Stadium,Indian Premier League,28,Royal Challengers Bangalore,Kolkata Knight Riders,Royal Challengers Bangalore,bat,Royal Challengers Bangalore,82,,AB de Villiers,,male,T20
1216541,2020/21,2020-10-25,Abu Dhabi,Sheikh Zayed Stadium,Indian Premier League,45,Mumbai Indians,Rajasthan Royals,Mumbai Indians,bat,Rajasthan Royals,,8,BA Stokes,,male,T20
1216542,2020/21,2020-10-08,,Dubai International Cricket Stadium,Indian Premier League,22,Sunrisers Hyderabad,Kings XI Punjab,Sunrisers Hyderabad,bat,Sunrisers Hyderabad,69,,JM Bairstow,,male,T20
1216543,2020/21,2020-10-14,,Dubai International Cricket Stadium,Indian Premier League,30,Delhi Capitals,Rajasthan Royals,Delhi Capitals,bat,Delhi Capitals,13,,A Nortje,,male,T20
1216544,2020/21,2020-10-25,,Dubai International Cricket Stadium,Indian Premier League,44,Royal Challengers Bangalore,Chennai Super Kings,Royal Challengers Bangalore,bat,Chennai Super Kings,,8,RD Gaikwad,,male,T20
1216545,2020/21,2020-09-26,Abu Dhabi,Sheikh Zayed Stadium,Indian Premier League,8,Sunrisers Hyderabad,Kolkata Knight Riders,Sunrisers Hyderabad,bat,Kolkata Knight Riders,,7,Shubman Gill,,male,T20
1216546,2020/21,2020-10-20,,Dubai International Cricket Stadium,Indian Premier League,38,Delhi Capitals,Kings XI Punjab,Delhi Capitals,bat,Kings XI Punjab,,5,S Dhawan,,male,T20
1216547,2020/21,2020-09-28,,Dubai International Cricket Stadium,Indian Premier League,10,Royal Challengers Bangalore,Mumbai Indians,Mumbai Indians,field,,,,AB de Villiers,tie,male,T20
1237177,2020/21,2020-11-05,,Dubai International Cricket Stadium,Indian Premier League,,Mumbai Indians,Delhi Capitals,Delhi Capitals,field,Mumbai Indians,57,,JJ Bumrah,,male,T20
1237178,2020/21,2020-11-06,Abu Dhabi,Sheikh Zayed Stadium,Indian Premier League,,Royal Challengers Bangalore,Sunrisers Hyderabad,Sunrisers Hyderabad,field,Sunrisers Hyderabad,,6,KS Williamson,,male,T20
1237180,2020/21,2020-11-08,Abu Dhabi,Sheikh Zayed Stadium,Indian Premier League,,Delhi Capitals,Sunrisers Hyderabad,Delhi Capitals,bat,Delhi Capitals,17,,MP Stoinis,,male,T20
1237181,2020/21,2020-11-10,,Dubai International Cricket Stadium,Indian Premier League,,Delhi Capitals,Mumbai Indians,Delhi Capitals,bat,Mumbai Indians,,5,TA Boult,,male,T20
1254058,2021,2021-04-09,Chennai,"MA Chidambaram Stadium, Chepauk, Chennai",Indian Premier League,1,Mumbai Indians,Royal Challengers Bangalore,Royal Challengers Bangalore,field,Royal Challengers Bangalore,,2,HV Patel,,male,T20
1254059,2021,2021-04-10,Mumbai,"Wankhede Stadium, Mumbai",Indian Premier League,2,Chennai Super Kings,Delhi Capitals,Delhi Capitals,field,Delhi Capitals,,7,S Dhawan,,male,T20
1254060,2021,2021-04-11,Chennai,"MA Chidambaram Stadium, Chepauk, Chennai",Indian Premier League,3,Kolkata Knight Riders,Sunrisers Hyderabad,Sunrisers Hyderabad,field,Kolkata Knight Riders,10,,N Rana,,male,T20
1254061,2021,2021-04-12,Mumbai,"Wankhede Stadium, Mumbai",Indian Premier League,4,Punjab Kings,Rajasthan Royals,Rajasthan Royals,field,Punjab Kings,4,,SV Samson,,male,T20
1254062,2021,2021-04-13,Chennai,"MA Chidambaram Stadium, Chepauk, Chennai",Indian Premier League,5,Mumbai Indians,Kolkata Knight Riders,Kolkata Knight Riders,field,Mumbai Indians,10,,RD Chahar,,male,T20
1254063,2021,2021-04-14,Chennai,"MA Chidambaram Stadium, Chepauk, Chennai",Indian Premier League,6,Royal Challengers Bangalore,Sunrisers Hyderabad,Sunrisers Hyderabad,field,Royal Challengers Bangalore,6,,GJ Maxwell,,male,T20
1254064,2021,2021-04-15,Mumbai,"Wankhede Stadium, Mumbai",Indian Premier League,7,Delhi Capitals,Rajasthan Royals,Rajasthan Royals,field,Rajasthan Royals,,3,JD Unadkat,,male,T20
1254065,2021,2021-04-16,Mumbai,"Wankhede Stadium, Mumbai",Indian Premier League,8,Punjab Kings,Chennai Super Kings,Chennai Super Kings,field,Chennai Super Kings,,6,DL Chahar,,male,T20
1254066,2021,2021-04-17,Chennai,"MA Chidambaram Stadium, Chepauk, Chennai",Indian Premier League,9,Mumbai Indians,Sunrisers Hyderabad,Mumbai Indians,bat,Mumbai Indians,13,,KA Pollard,,male,T20
1254067,2021,2021-04-18,Chennai,"MA Chidambaram Stadium, Chepauk, Chennai",Indian Premier League,10,Royal Challengers Bangalore,Kolkata Knight Riders,Royal Challengers Bangalore,bat,Royal Challengers Bangalore,38,,AB de Villiers,,male,T20
1254068,2021,2021-04-18,Mumbai,"Wankhede Stadium, Mumbai",Indian Premier League,11,Punjab Kings,Delhi Capitals,Delhi Capitals,field,Delhi Capitals,,6,S Dhawan,,male,T20
1254069,2021,2021-04-19,Mumbai,"Wankhede Stadium, Mumbai",Indian Premier League,12,Chennai Super Kings,Rajasthan Royals,Rajasthan Royals,field,Chennai Super Kings,45,,MM Ali,,male,T20
1254070,2021,2021-04-20,Chennai,"MA Chidambaram Stadium, Chepauk, Chennai",Indian Premier League,13,Mumbai Indians,Delhi Capitals,Mumbai Indians,bat,Delhi Capitals,,6,A Mishra,,male,T20
1254071,2021,2021-04-21,Chennai,"MA Chidambaram Stadium, Chepauk, Chennai",Indian Premier League,14,Punjab Kings,Sunrisers Hyderabad,Punjab Kings,bat,Sunrisers Hyderabad,,9,JM Bairstow,,male,T20
1254072,2021,2021-04-21,Mumbai,"Wankhede Stadium, Mumbai",Indian Premier League,15,Chennai Super Kings,Kolkata Knight Riders,Kolkata Knight Riders,field,Chennai Super Kings,18,,F du Plessis,,male,T20
1254073,2021,2021-04-22,Mumbai,"Wankhede Stadium, Mumbai",Indian Premier League,16,Rajasthan Royals,Royal Challengers Bangalore,Royal Challengers Bangalore,field,Royal Challengers Bangalore,,10,D Padikkal,,male,T20
1254074,2021,2021-04-23,Chennai,"MA Chidambaram Stadium, Chepauk, Chennai",Indian Premier League,17,Mumbai Indians,Punjab Kings,Punjab Kings,field,Punjab Kings,,9,KL Rahul,,male,T20
1254075,2021,2021-04-24,Mumbai,"Wankhede Stadium, Mumbai",Indian Premier League,18,Kolkata Knight Riders,Rajasthan Royals,Rajasthan Royals,field,Rajasthan Royals,,6,CH Morris,,male,T20
1254076,2021,2021-04-25,Mumbai,"Wankhede Stadium, Mumbai",Indian Premier League,19,Chennai Super Kings,Royal Challengers Bangalore,Chennai Super Kings,bat,Chennai Super Kings,69,,RA Jadeja,,male,T20
1254077,2021,2021-04-25,Chennai,"MA Chidambaram Stadium, Chepauk, Chennai",Indian Premier League,20,Delhi Capitals,Sunrisers Hyderabad,Delhi Capitals,bat,,,,PP Shaw,tie,male,T20
1254078,2021,2021-04-26,Ahmedabad,"Narendra Modi Stadium, Ahmedabad",Indian Premier League,21,Punjab Kings,Kolkata Knight Riders,Kolkata Knight Riders,field,Kolkata Knight Riders,,5,EJG Morgan,,male,T20
1254079,2021,2021-04-27,Ahmedabad,"Narendra Modi Stadium, Ahmedabad",Indian Premier League,22,Royal Challengers Bangalore,Delhi Capitals,Delhi Capitals,field,Royal Challengers Bangalore,1,,AB de Villiers,,male,T20
1254080,2021,2021-04-28,Delhi,"Arun Jaitley Stadium, Delhi",Indian Premier League,23,Sunrisers Hyderabad,Chennai Super Kings,Sunrisers Hyderabad,bat,Chennai Super Kings,,7,RD Gaikwad,,male,T20
1254081,2021,2021-04-29,Delhi,"Arun Jaitley Stadium, Delhi",Indian Premier League,24,Rajasthan Royals,Mumbai Indians,Mumbai Indians,field,Mumbai Indians,,7,Q de Kock,,male,T20
1254082,2021,2021-04-29,Ahmedabad,"Narendra Modi Stadium, Ahmedabad",Indian Premier League,25,Kolkata Knight Riders,Delhi Capitals,Delhi Capitals,field,Delhi Capitals,,7,PP Shaw,,male,T20
1254083,2021,2021-04-30,Ahmedabad,"Narendra Modi Stadium, Ahmedabad",Indian Premier League,26,Punjab Kings,Royal Challengers Bangalore,Royal Challengers Bangalore,field,Punjab Kings,34,,Harpreet Brar,,male,T20
1254084,2021,2021-05-01,Delhi,"Arun Jaitley Stadium, Delhi",Indian Premier League,27,Chennai Super Kings,Mumbai Indians,Mumbai Indians,field,Mumbai Indians,,4,KA Pollard,,male,T20
1254085,2021,2021-05-02,Delhi,"Arun Jaitley Stadium, Delhi",Indian Premier League,28,Rajasthan Royals,Sunrisers Hyderabad,Sunrisers Hyderabad,field,Rajasthan Royals,55,,JC Buttler,,male,T20
1254086,2021,2021-05-02,Ahmedabad,"Narendra Modi Stadium, Ahmedabad",Indian Premier League,29,Punjab Kings,Delhi Capitals,Delhi Capitals,field,Delhi Capitals,,7,MA Agarwal,,male,T20
1254087,2021,2021-09-20,Abu Dhabi,"Zayed Cricket Stadium, Abu Dhabi",Indian Premier League,31,Royal Challengers Bangalore,Kolkata Knight Riders,Royal Challengers Bangalore,bat,Kolkata Knight Riders,,9,CV Varun,,male,T20
1254088,2021,2021-10-08,Abu Dhabi,"Zayed Cricket Stadium, Abu Dhabi",Indian Premier League,55,Mumbai Indians,Sunrisers Hyderabad,Mumbai Indians,bat,Mumbai Indians,42,,Ishan Kishan,,male,T20
1254089,2021,2021-10-02,Abu Dhabi,"Zayed Cricket Stadium, Abu Dhabi",Indian Premier League,47,Chennai Super Kings,Rajasthan Royals,Rajasthan Royals,field,Rajasthan Royals,,7,RD Gaikwad,,male,T20
1254090,2021,2021-10-03,Sharjah,Sharjah Cricket Stadium,Indian Premier League,48,Royal Challengers Bangalore,Punjab Kings,Royal Challengers Bangalore,bat,Royal Challengers Bangalore,6,,GJ Maxwell,,male,T20
1254091,2021,2021-09-30,Sharjah,Sharjah Cricket Stadium,Indian Premier League,44,Sunrisers Hyderabad,Chennai Super Kings,Chennai Super Kings,field,Chennai Super Kings,,6,JR Hazlewood,,male,T20
1254092,2021,2021-09-28,Sharjah,Sharjah Cricket Stadium,Indian Premier League,41,Delhi Capitals,Kolkata Knight Riders,Kolkata Knight Riders,field,Kolkata Knight Riders,,3,SP Narine,,male,T20
1254093,2021,2021-10-05,Sharjah,Sharjah Cricket Stadium,Indian Premier League,51,Rajasthan Royals,Mumbai Indians,Mumbai Indians,field,Mumbai Indians,,8,NM Coulter-Nile,,male,T20
1254094,2021,2021-10-07,Dubai,Dubai International Cricket Stadium,Indian Premier League,53,Chennai Super Kings,Punjab Kings,Punjab Kings,field,Punjab Kings,,6,KL Rahul,,male,T20
1254095,2021,2021-10-06,Abu Dhabi,"Zayed Cricket Stadium, Abu Dhabi",Indian Premier League,52,Sunrisers Hyderabad,Royal Challengers Bangalore,Royal Challengers Bangalore,field,Sunrisers Hyderabad,4,,KS Williamson,,male,T20
1254096,2021,2021-09-23,Abu Dhabi,"Zayed Cricket Stadium, Abu Dhabi",Indian Premier League,34,Mumbai Indians,Kolkata Knight Riders,Kolkata Knight Riders,field,Kolkata Knight Riders,,7,SP Narine,,male,T20
1254097,2021,2021-09-25,Abu Dhabi,"Zayed Cricket Stadium, Abu Dhabi",Indian Premier League,36,Delhi Capitals,Rajasthan Royals,Rajasthan Royals,field,Delhi Capitals,33,,SS Iyer,,male,T20
1254098,2021,2021-09-26,Abu Dhabi,"Zayed Cricket Stadium, Abu Dhabi",Indian Premier League,38,Kolkata Knight Riders,Chennai Super Kings,Kolkata Knight Riders,bat,Chennai Super Kings,,2,RA Jadeja,,male,T20
1254099,2021,2021-09-28,Abu Dhabi,"Zayed Cricket Stadium, Abu Dhabi",Indian Premier League,42,Punjab Kings,Mumbai Indians,Mumbai Indians,field,Mumbai Indians,,6,KA Pollard,,male,T20
1254100,2021,2021-09-27,Dubai,Dubai International Cricket Stadium,Indian Premier League,40,Rajasthan Royals,Sunrisers Hyderabad,Rajasthan Royals,bat,Sunrisers Hyderabad,,7,JJ Roy,,male,T20
1254101,2021,2021-10-08,Dubai,Dubai International Cricket Stadium,Indian Premier League,56,Delhi Capitals,Royal Challengers Bangalore,Royal Challengers Bangalore,field,Royal Challengers Bangalore,,7,KS Bharat,,male,T20
1254102,2021,2021-10-01,Dubai,Dubai International Cricket Stadium,Indian Premier League,45,Kolkata Knight Riders,Punjab Kings,Punjab Kings,field,Punjab Kings,,5,KL Rahul,,male,T20
1254103,2021,2021-09-29,Dubai,Dubai International Cricket Stadium,Indian Premier League,43,Rajasthan Royals,Royal Challengers Bangalore,Royal Challengers Bangalore,field,Royal Challengers Bangalore,,7,YS Chahal,,male,T20
1254104,2021,2021-09-19,Dubai,Dubai International Cricket Stadium,Indian Premier League,30,Chennai Super Kings,Mumbai Indians,Chennai Super Kings,bat,Chennai Super Kings,20,,RD Gaikwad,,male,T20
1254105,2021,2021-09-22,Dubai,Dubai International Cricket Stadium,Indian Premier League,33,Sunrisers Hyderabad,Delhi Capitals,Sunrisers Hyderabad,bat,Delhi Capitals,,8,A Nortje,,male,T20
1254106,2021,2021-10-07,Sharjah,Sharjah Cricket Stadium,Indian Premier League,54,Kolkata Knight Riders,Rajasthan Royals,Rajasthan Royals,field,Kolkata Knight Riders,86,,Shivam Mavi,,male,T20
1254107,2021,2021-09-25,Sharjah,Sharjah Cricket Stadium,Indian Premier League,37,Punjab Kings,Sunrisers Hyderabad,Sunrisers Hyderabad,field,Punjab Kings,5,,JO Holder,,male,T20
1254108,2021,2021-09-26,Dubai,Dubai International Cricket Stadium,Indian Premier League,39,Royal Challengers Bangalore,Mumbai Indians,Mumbai Indians,field,Royal Challengers Bangalore,54,,GJ Maxwell,,male,T20
1254109,2021,2021-10-03,Dubai,Dubai International Cricket Stadium,Indian Premier League,49,Sunrisers Hyderabad,Kolkata Knight Riders,Sunrisers Hyderabad,bat,Kolkata Knight Riders,,6,Shubman Gill,,male,T20
1254110,2021,2021-10-04,Dubai,Dubai International Cricket Stadium,Indian Premier League,50,Chennai Super Kings,Delhi Capitals,Delhi Capitals,field,Delhi Capitals,,3,AR Patel,,male,T20
1254111,2021,2021-09-21,Dubai,Dubai International Cricket Stadium,Indian Premier League,32,Rajasthan Royals,Punjab Kings,Punjab Kings,field,Rajasthan Royals,2,,Kartik Tyagi,,male,T20
1254112,2021,2021-10-02,Sharjah,Sharjah Cricket Stadium,Indian Premier League,46,Mumbai Indians,Delhi Capitals,Delhi Capitals,field,Delhi Capitals,,4,AR Patel,,male,T20
1254113,2021,2021-09-24,Sharjah,Sharjah Cricket Stadium,Indian Premier League,35,Royal Challengers Bangalore,Chennai Super Kings,Chennai Super Kings,field,Chennai Super Kings,,6,DJ Bravo,,male,T20
1254114,2021,2021-10-10,Dubai,Dubai International Cricket Stadium,Indian Premier League,,Delhi Capitals,Chennai Super Kings,Chennai Super Kings,field,Chennai Super Kings,,4,RD Gaikwad,,male,T20
1254115,2021,2021-10-11,Sharjah,Sharjah Cricket Stadium,Indian Premier League,,Royal Challengers Bangalore,Kolkata Knight Riders,Royal Challengers Bangalore,bat,Kolkata Knight Riders,,4,SP Narine,,male,T20
1254116,2021,2021-10-13,Sharjah,Sharjah Cricket Stadium,Indian Premier League,,Delhi Capitals,Kolkata Knight Riders,Kolkata Knight Riders,field,Kolkata Knight Riders,,3,VR Iyer,,male,T20
1254117,2021,2021-10-15,Dubai,Dubai International Cricket Stadium,Indian Premier League,,Chennai Super Kings,Kolkata Knight Riders,Kolkata Knight Riders,field,Chennai Super Kings,27,,F du Plessis,,male,T20
1304047,2022,2022-03-26,Mumbai,"Wankhede Stadium, Mumbai",Indian Premier League,1,Chennai Super Kings,Kolkata Knight Riders,Kolkata Knight Riders,field,Kolkata Knight Riders,,6,UT Yadav,,male,T20
1304048,2022,2022-03-27,Mumbai,"Brabourne Stadium, Mumbai",Indian Premier League,2,Mumbai Indians,Delhi Capitals,Delhi Capitals,field,Delhi Capitals,,4,Kuldeep Yadav,,male,T20
1304049,2022,2022-03-27,Mumbai,"Dr DY Patil Sports Academy, Mumbai",Indian Premier League,3,Royal Challengers Bangalore,Punjab Kings,Punjab Kings,field,Punjab Kings,,5,OF Smith,,male,T20
1304050,2022,2022-03-28,Mumbai,"Wankhede Stadium, Mumbai",Indian Premier League,4,Lucknow Super Giants,Gujarat Titans,Gujarat Titans,field,Gujarat Titans,,5,Mohammed Shami,,male,T20
1304051,2022,2022-03-29,Pune,"Maharashtra Cricket Association Stadium, Pune",Indian Premier League,5,Rajasthan Royals,Sunrisers Hyderabad,Sunrisers Hyderabad,field,Rajasthan Royals,61,,SV Samson,,male,T20
1304052,2022,2022-03-30,Mumbai,"Dr DY Patil Sports Academy, Mumbai",Indian Premier League,6,Kolkata Knight Riders,Royal Challengers Bangalore,Royal Challengers Bangalore,field,Royal Challengers Bangalore,,3,PWH de Silva,,male,T20
1304053,2022,2022-03-31,Mumbai,"Brabourne Stadium, Mumbai",Indian Premier League,7,Chennai Super Kings,Lucknow Super Giants,Lucknow Super Giants,field,Lucknow Super Giants,,6,E Lewis,,male,T20
1304054,2022,2022-04-01,Mumbai,"Wankhede Stadium, Mumbai",Indian Premier League,8,Punjab Kings,Kolkata Knight Riders,Kolkata Knight Riders,field,Kolkata Knight Riders,,6,UT Yadav,,male,T20
1304055,2022,2022-04-02,Mumbai,"Dr DY Patil Sports Academy, Mumbai",Indian Premier League,9,Rajasthan Royals,Mumbai Indians,Mumbai Indians,field,Rajasthan Royals,23,,JC Buttler,,male,T20
1304056,2022,2022-04-02,Pune,"Maharashtra Cricket Association Stadium, Pune",Indian Premier League,10,Gujarat Titans,Delhi Capitals,Delhi Capitals,field,Gujarat Titans,14,,LH Ferguson,,male,T20
1304057,2022,2022-04-03,Mumbai,"Brabourne Stadium, Mumbai",Indian Premier League,11,Punjab Kings,Chennai Super Kings,Chennai Super Kings,field,Punjab Kings,54,,LS Livingstone,,male,T20
1304058,2022,2022-04-04,Mumbai,"Dr DY Patil Sports Academy, Mumbai",Indian Premier League,12,Lucknow Super Giants,Sunrisers Hyderabad,Sunrisers Hyderabad,field,Lucknow Super Giants,12,,Avesh Khan,,male,T20
1304059,2022,2022-04-05,Mumbai,"Wankhede Stadium, Mumbai",Indian Premier League,13,Rajasthan Royals,Royal Challengers Bangalore,Royal Challengers Bangalore,field,Royal Challengers Bangalore,,4,KD Karthik,,male,T20
1304060,2022,2022-04-06,Pune,"Maharashtra Cricket Association Stadium, Pune",Indian Premier League,14,Mumbai Indians,Kolkata Knight Riders,Kolkata Knight Riders,field,Kolkata Knight Riders,,5,PJ Cummins,,male,T20
1304061,2022,2022-04-07,Mumbai,"Dr DY Patil Sports Academy, Mumbai",Indian Premier League,15,Delhi Capitals,Lucknow Super Giants,Lucknow Super Giants,field,Lucknow Super Giants,,6,Q de Kock,,male,T20
1304062,2022,2022-04-08,Mumbai,"Brabourne Stadium, Mumbai",Indian Premier League,16,Punjab Kings,Gujarat Titans,Gujarat Titans,field,Gujarat Titans,,6,Shubman Gill,,male,T20
1304063,2022,2022-04-09,Mumbai,"Dr DY Patil Sports Academy, Mumbai",Indian Premier League,17,Chennai Super Kings,Sunrisers Hyderabad,Sunrisers Hyderabad,field,Sunrisers Hyderabad,,8,Abhishek Sharma,,male,T20
1304064,2022,2022-04-09,Pune,"Maharashtra Cricket Association Stadium, Pune",Indian Premier League,18,Mumbai Indians,Royal Challengers Bangalore,Royal Challengers Bangalore,field,Royal Challengers Bangalore,,7,Anuj Rawat,,male,T20
1304065,2022,2022-04-10,Mumbai,"Brabourne Stadium, Mumbai",Indian Premier League,19,Delhi Capitals,Kolkata Knight Riders,Kolkata Knight Riders,field,Delhi Capitals,44,,Kuldeep Yadav,,male,T20
1304066,2022,2022-04-10,Mumbai,"Wankhede Stadium, Mumbai",Indian Premier League,20,Rajasthan Royals,Lucknow Super Giants,Lucknow Super Giants,field,Rajasthan Royals,3,,YS Chahal,,male,T20
1304067,2022,2022-04-11,Mumbai,"Dr DY Patil Sports Academy, Mumbai",Indian Premier League,21,Gujarat Titans,Sunrisers Hyderabad,Sunrisers Hyderabad,field,Sunrisers Hyderabad,,8,KS Williamson,,male,T20
1304068,2022,2022-04-12,Mumbai,"Dr DY Patil Sports Academy, Mumbai",Indian Premier League,22,Chennai Super Kings,Royal Challengers Bangalore,Royal Challengers Bangalore,field,Chennai Super Kings,23,,S Dube,,male,T20
1304069,2022,2022-04-13,Pune,"Maharashtra Cricket Association Stadium, Pune",Indian Premier League,23,Punjab Kings,Mumbai Indians,Mumbai Indians,field,Punjab Kings,12,,MA Agarwal,,male,T20
1304070,2022,2022-04-14,Mumbai,"Dr DY Patil Sports Academy, Mumbai",Indian Premier League,24,Gujarat Titans,Rajasthan Royals,Rajasthan Royals,field,Gujarat Titans,37,,HH Pandya,,male,T20
1304071,2022,2022-04-15,Mumbai,"Brabourne Stadium, Mumbai",Indian Premier League,25,Kolkata Knight Riders,Sunrisers Hyderabad,Sunrisers Hyderabad,field,Sunrisers Hyderabad,,7,RA Tripathi,,male,T20
1304072,2022,2022-04-16,Mumbai,"Brabourne Stadium, Mumbai",Indian Premier League,26,Lucknow Super Giants,Mumbai Indians,Mumbai Indians,field,Lucknow Super Giants,18,,KL Rahul,,male,T20
1304073,2022,2022-04-16,Mumbai,"Wankhede Stadium, Mumbai",Indian Premier League,27,Royal Challengers Bangalore,Delhi Capitals,Delhi Capitals,field,Royal Challengers Bangalore,16,,KD Karthik,,male,T20
1304074,2022,2022-04-17,Mumbai,"Dr DY Patil Sports Academy, Mumbai",Indian Premier League,28,Punjab Kings,Sunrisers Hyderabad,Sunrisers Hyderabad,field,Sunrisers Hyderabad,,7,Umran Malik,,male,T20
1304075,2022,2022-04-17,Pune,"Maharashtra Cricket Association Stadium, Pune",Indian Premier League,29,Chennai Super Kings,Gujarat Titans,Gujarat Titans,field,Gujarat Titans,,3,DA Miller,,male,T20
1304076,2022,2022-04-18,Mumbai,"Brabourne Stadium, Mumbai",Indian Premier League,30,Rajasthan Royals,Kolkata Knight Riders,Kolkata Knight Riders,field,Rajasthan Royals,7,,YS Chahal,,male,T20
1304077,2022,2022-04-19,Mumbai,"Dr DY Patil Sports Academy, Mumbai",Indian Premier League,31,Royal Challengers Bangalore,Lucknow Super Giants,Lucknow Super Giants,field,Royal Challengers Bangalore,18,,F du Plessis,,male,T20
1304078,2022,2022-04-20,Mumbai,"Brabourne Stadium, Mumbai",Indian Premier League,32,Punjab Kings,Delhi Capitals,Delhi Capitals,field,Delhi Capitals,,9,Kuldeep Yadav,,male,T20
1304079,2022,2022-04-21,Navi Mumbai,"Dr DY Patil Sports Academy, Mumbai",Indian Premier League,33,Mumbai Indians,Chennai Super Kings,Chennai Super Kings,field,Chennai Super Kings,,3,Mukesh Choudhary,,male,T20
1304080,2022,2022-04-22,Mumbai,"Wankhede Stadium, Mumbai",Indian Premier League,34,Rajasthan Royals,Delhi Capitals,Delhi Capitals,field,Rajasthan Royals,15,,JC Buttler,,male,T20
1304081,2022,2022-04-23,Navi Mumbai,"Dr DY Patil Sports Academy, Mumbai",Indian Premier League,35,Gujarat Titans,Kolkata Knight Riders,Gujarat Titans,bat,Gujarat Titans,8,,Rashid Khan,,male,T20
1304082,2022,2022-04-23,Mumbai,"Brabourne Stadium, Mumbai",Indian Premier League,36,Royal Challengers Bangalore,Sunrisers Hyderabad,Sunrisers Hyderabad,field,Sunrisers Hyderabad,,9,M Jansen,,male,T20
1304083,2022,2022-04-24,Mumbai,"Wankhede Stadium, Mumbai",Indian Premier League,37,Lucknow Super Giants,Mumbai Indians,Mumbai Indians,field,Lucknow Super Giants,36,,KL Rahul,,male,T20
1304084,2022,2022-04-25,Mumbai,"Wankhede Stadium, Mumbai",Indian Premier League,38,Punjab Kings,Chennai Super Kings,Chennai Super Kings,field,Punjab Kings,11,,S Dhawan,,male,T20
1304085,2022,2022-04-26,Pune,"Maharashtra Cricket Association Stadium, Pune",Indian Premier League,39,Rajasthan Royals,Royal Challengers Bangalore,Royal Challengers Bangalore,field,Rajasthan Royals,29,,R Parag,,male,T20
1304086,2022,2022-04-27,Mumbai,"Wankhede Stadium, Mumbai",Indian Premier League,40,Sunrisers Hyderabad,Gujarat Titans,Gujarat Titans,field,Gujarat Titans,,5,Umran Malik,,male,T20
1304087,2022,2022-04-28,Mumbai,"Wankhede Stadium, Mumbai",Indian Premier League,41,Kolkata Knight Riders,Delhi Capitals,Delhi Capitals,field,Delhi Capitals,,4,Kuldeep Yadav,,male,T20
1304088,2022,2022-04-29,Pune,"Maharashtra Cricket Association Stadium, Pune",Indian Premier League,42,Lucknow Super Giants,Punjab Kings,Punjab Kings,field,Lucknow Super Giants,20,,KH Pandya,,male,T20
1304089,2022,2022-04-30,Mumbai,"Brabourne Stadium, Mumbai",Indian Premier League,43,Royal Challengers Bangalore,Gujarat Titans,Royal Challengers Bangalore,bat,Gujarat Titans,,6,R Tewatia,,male,T20
1304090,2022,2022-04-30,Navi Mumbai,"Dr DY Patil Sports Academy, Mumbai",Indian Premier League,44,Rajasthan Royals,Mumbai Indians,Mumbai Indians,field,Mumbai Indians,,5,SA Yadav,,male,T20
1304091,2022,2022-05-01,Mumbai,"Wankhede Stadium, Mumbai",Indian Premier League,45,Lucknow Super Giants,Delhi Capitals,Lucknow Super Giants,bat,Lucknow Super Giants,6,,Mohsin Khan,,male,T20
1304092,2022,2022-05-01,Pune,"Maharashtra Cricket Association Stadium, Pune",Indian Premier League,46,Chennai Super Kings,Sunrisers Hyderabad,Sunrisers Hyderabad,field,Chennai Super Kings,13,,RD Gaikwad,,male,T20
1304093,2022,2022-05-02,Mumbai,"Wankhede Stadium, Mumbai",Indian Premier League,47,Rajasthan Royals,Kolkata Knight Riders,Kolkata Knight Riders,field,Kolkata Knight Riders,,7,RK Singh,,male,T20
1304094,2022,2022-05-03,Navi Mumbai,"Dr DY Patil Sports Academy, Mumbai",Indian Premier League,48,Gujarat Titans,Punjab Kings,Gujarat Titans,bat,Punjab Kings,,8,K Rabada,,male,T20
1304095,2022,2022-05-04,Pune,"Maharashtra Cricket Association Stadium, Pune",Indian Premier League,49,Royal Challengers Bangalore,Chennai Super Kings,Chennai Super Kings,field,Royal Challengers Bangalore,13,,HV Patel,,male,T20
1304096,2022,2022-05-05,Mumbai,"Brabourne Stadium, Mumbai",Indian Premier League,50,Delhi Capitals,Sunrisers Hyderabad,Sunrisers Hyderabad,field,Delhi Capitals,21,,DA Warner,,male,T20
1304097,2022,2022-05-06,Mumbai,"Brabourne Stadium, Mumbai",Indian Premier League,51,Mumbai Indians,Gujarat Titans,Gujarat Titans,field,Mumbai Indians,5,,TH David,,male,T20
1304098,2022,2022-05-07,Mumbai,"Wankhede Stadium, Mumbai",Indian Premier League,52,Punjab Kings,Rajasthan Royals,Punjab Kings,bat,Rajasthan Royals,,6,YBK Jaiswal,,male,T20
1304099,2022,2022-05-07,Pune,"Maharashtra Cricket Association Stadium, Pune",Indian Premier League,53,Lucknow Super Giants,Kolkata Knight Riders,Kolkata Knight Riders,field,Lucknow Super Giants,75,,Avesh Khan,,male,T20
1304100,2022,2022-05-08,Mumbai,"Wankhede Stadium, Mumbai",Indian Premier League,54,Royal Challengers Bangalore,Sunrisers Hyderabad,Royal Challengers Bangalore,bat,Royal Challengers Bangalore,67,,PWH de Silva,,male,T20
1304101,2022,2022-05-08,Navi Mumbai,"Dr DY Patil Sports Academy, Mumbai",Indian Premier League,55,Chennai Super Kings,Delhi Capitals,Delhi Capitals,field,Chennai Super Kings,91,,DP Conway,,male,T20
1304102,2022,2022-05-09,Navi Mumbai,"Dr DY Patil Sports Academy, Mumbai",Indian Premier League,56,Kolkata Knight Riders,Mumbai Indians,Mumbai Indians,field,Kolkata Knight Riders,52,,JJ Bumrah,,male,T20
1304103,2022,2022-05-10,Pune,"Maharashtra Cricket Association Stadium, Pune",Indian Premier League,57,Gujarat Titans,Lucknow Super Giants,Gujarat Titans,bat,Gujarat Titans,62,,Shubman Gill,,male,T20
1304104,2022,2022-05-11,Navi Mumbai,"Dr DY Patil Sports Academy, Mumbai",Indian Premier League,58,Rajasthan Royals,Delhi Capitals,Delhi Capitals,field,Delhi Capitals,,8,MR Marsh,,male,T20
1304105,2022,2022-05-12,Mumbai,"Wankhede Stadium, Mumbai",Indian Premier League,59,Chennai Super Kings,Mumbai Indians,Mumbai Indians,field,Mumbai Indians,,5,DR Sams,,male,T20
1304106,2022,2022-05-13,Mumbai,"Brabourne Stadium, Mumbai",Indian Premier League,60,Punjab Kings,Royal Challengers Bangalore,Royal Challengers Bangalore,field,Punjab Kings,54,,JM Bairstow,,male,T20
1304107,2022,2022-05-14,Pune,"Maharashtra Cricket Association Stadium, Pune",Indian Premier League,61,Kolkata Knight Riders,Sunrisers Hyderabad,Kolkata Knight Riders,bat,Kolkata Knight Riders,54,,AD Russell,,male,T20
1304108,2022,2022-05-15,Mumbai,"Wankhede Stadium, Mumbai",Indian Premier League,62,Chennai Super Kings,Gujarat Titans,Chennai Super Kings,bat,Gujarat Titans,,7,WP Saha,,male,T20
1304109,2022,2022-05-15,Mumbai,"Brabourne Stadium, Mumbai",Indian Premier League,63,Rajasthan Royals,Lucknow Super Giants,Rajasthan Royals,bat,Rajasthan Royals,24,,TA Boult,,male,T20
1304110,2022,2022-05-16,Navi Mumbai,"Dr DY Patil Sports Academy, Mumbai",Indian Premier League,64,Delhi Capitals,Punjab Kings,Punjab Kings,field,Delhi Capitals,17,,SN Thakur,,male,T20
1304111,2022,2022-05-17,Mumbai,"Wankhede Stadium, Mumbai",Indian Premier League,65,Sunrisers Hyderabad,Mumbai Indians,Mumbai Indians,field,Sunrisers Hyderabad,3,,RA Tripathi,,male,T20
1304112,2022,2022-05-18,Navi Mumbai,"Dr DY Patil Sports Academy, Mumbai",Indian Premier League,66,Lucknow Super Giants,Kolkata Knight Riders,Lucknow Super Giants,bat,Lucknow Super Giants,2,,Q de Kock,,male,T20
1304113,2022,2022-05-19,Mumbai,"Wankhede Stadium, Mumbai",Indian Premier League,67,Gujarat Titans,Royal Challengers Bangalore,Gujarat Titans,bat,Royal Challengers Bangalore,,8,V Kohli,,male,T20
1304114,2022,2022-05-20,Mumbai,"Brabourne Stadium, Mumbai",Indian Premier League,68,Chennai Super Kings,Rajasthan Royals,Chennai Super Kings,bat,Rajasthan Royals,,5,R Ashwin,,male,T20
1304115,2022,2022-05-21,Mumbai,"Wankhede Stadium, Mumbai",Indian Premier League,69,Delhi Capitals,Mumbai Indians,Mumbai Indians,field,Mumbai Indians,,5,JJ Bumrah,,male,T20
1304116,2022,2022-05-22,Mumbai,"Wankhede Stadium, Mumbai",Indian Premier League,70,Sunrisers Hyderabad,Punjab Kings,Sunrisers Hyderabad,bat,Punjab Kings,,5,Harpreet Brar,,male,T20
1312197,2022,2022-05-24,Kolkata,"Eden Gardens, Kolkata",Indian Premier League,,Rajasthan Royals,Gujarat Titans,Gujarat Titans,field,Gujarat Titans,,7,DA Miller,,male,T20
1312198,2022,2022-05-25,Kolkata,"Eden Gardens, Kolkata",Indian Premier League,,Royal Challengers Bangalore,Lucknow Super Giants,Lucknow Super Giants,field,Royal Challengers Bangalore,14,,RM Patidar,,male,T20
1312199,2022,2022-05-27,Ahmedabad,"Narendra Modi Stadium, Ahmedabad",Indian Premier League,,Royal Challengers Bangalore,Rajasthan Royals,Rajasthan Royals,field,Rajasthan Royals,,7,JC Buttler,,male,T20
1312200,2022,2022-05-29,Ahmedabad,"Narendra Modi Stadium, Ahmedabad",Indian Premier League,,Rajasthan Royals,Gujarat Titans,Rajasthan Royals,bat,Gujarat Titans,,7,HH Pandya,,male,T20
1359475,2023,2023-03-31,Ahmedabad,"Narendra Modi Stadium, Ahmedabad",Indian Premier League,1,Chennai Super Kings,Gujarat Titans,Gujarat Titans,field,Gujarat Titans,,5,Rashid Khan,,male,T20
1359476,2023,2023-04-01,Chandigarh,"Punjab Cricket Association IS Bindra Stadium, Mohali, Chandigarh",Indian Premier League,2,Punjab Kings,Kolkata Knight Riders,Kolkata Knight Riders,field,Punjab Kings,7,,Arshdeep Singh,,male,T20
1359477,2023,2023-04-01,Lucknow,"Bharat Ratna Shri Atal Bihari Vajpayee Ekana Cricket Stadium, Lucknow",Indian Premier League,3,Lucknow Super Giants,Delhi Capitals,Delhi Capitals,field,Lucknow Super Giants,50,,MA Wood,,male,T20
1359478,2023,2023-04-02,Hyderabad,"Rajiv Gandhi International Stadium, Uppal, Hyderabad",Indian Premier League,4,Rajasthan Royals,Sunrisers Hyderabad,Sunrisers Hyderabad,field,Rajasthan Royals,72,,JC Buttler,,male,T20
1359479,2023,2023-04-02,Bengaluru,"M Chinnaswamy Stadium, Bengaluru",Indian Premier League,5,Mumbai Indians,Royal Challengers Bangalore,Royal Challengers Bangalore,field,Royal Challengers Bangalore,,8,F du Plessis,,male,T20
1359480,2023,2023-04-03,Chennai,"MA Chidambaram Stadium, Chepauk, Chennai",Indian Premier League,6,Chennai Super Kings,Lucknow Super Giants,Lucknow Super Giants,field,Chennai Super Kings,12,,MM Ali,,male,T20
1359481,2023,2023-04-04,Delhi,"Arun Jaitley Stadium, Delhi",Indian Premier League,7,Delhi Capitals,Gujarat Titans,Gujarat Titans,field,Gujarat Titans,,6,B Sai Sudharsan,,male,T20
1359482,2023,2023-04-05,Guwahati,"Barsapara Cricket Stadium, Guwahati",Indian Premier League,8,Punjab Kings,Rajasthan Royals,Rajasthan Royals,field,Punjab Kings,5,,NT Ellis,,male,T20
1359483,2023,2023-04-06,Kolkata,"Eden Gardens, Kolkata",Indian Premier League,9,Kolkata Knight Riders,Royal Challengers Bangalore,Royal Challengers Bangalore,field,Kolkata Knight Riders,81,,SN Thakur,,male,T20
1359484,2023,2023-04-07,Lucknow,"Bharat Ratna Shri Atal Bihari Vajpayee Ekana Cricket Stadium, Lucknow",Indian Premier League,10,Sunrisers Hyderabad,Lucknow Super Giants,Sunrisers Hyderabad,bat,Lucknow Super Giants,,5,KH Pandya,,male,T20
1359485,2023,2023-04-08,Guwahati,"Barsapara Cricket Stadium, Guwahati",Indian Premier League,11,Rajasthan Royals,Delhi Capitals,Delhi Capitals,field,Rajasthan Royals,57,,YBK Jaiswal,,male,T20
1359486,2023,2023-04-08,Mumbai,"Wankhede Stadium, Mumbai",Indian Premier League,12,Mumbai Indians,Chennai Super Kings,Chennai Super Kings,field,Chennai Super Kings,,7,RA Jadeja,,male,T20
1359487,2023,2023-04-09,Ahmedabad,"Narendra Modi Stadium, Ahmedabad",Indian Premier League,13,Gujarat Titans,Kolkata Knight Riders,Gujarat Titans,bat,Kolkata Knight Riders,,3,RK Singh,,male,T20
1359488,2023,2023-04-09,Hyderabad,"Rajiv Gandhi International Stadium, Uppal, Hyderabad",Indian Premier League,14,Punjab Kings,Sunrisers Hyderabad,Sunrisers Hyderabad,field,Sunrisers Hyderabad,,8,S Dhawan,,male,T20
1359489,2023,2023-04-10,Bengaluru,"M Chinnaswamy Stadium, Bengaluru",Indian Premier League,15,Royal Challengers Bangalore,Lucknow Super Giants,Lucknow Super Giants,field,Lucknow Super Giants,,1,N Pooran,,male,T20
1359490,2023,2023-04-11,Delhi,"Arun Jaitley Stadium, Delhi",Indian Premier League,16,Delhi Capitals,Mumbai Indians,Mumbai Indians,field,Mumbai Indians,,6,RG Sharma,,male,T20
1359491,2023,2023-04-12,Chennai,"MA Chidambaram Stadium, Chepauk, Chennai",Indian Premier League,17,Rajasthan Royals,Chennai Super Kings,Chennai Super Kings,field,Rajasthan Royals,3,,R Ashwin,,male,T20
1359492,2023,2023-04-13,Chandigarh,"Punjab Cricket Association IS Bindra Stadium, Mohali, Chandigarh",Indian Premier League,18,Punjab Kings,Gujarat Titans,Gujarat Titans,field,Gujarat Titans,,6,MM Sharma,,male,T20
1359493,2023,2023-04-14,Kolkata,"Eden Gardens, Kolkata",Indian Premier League,19,Sunrisers Hyderabad,Kolkata Knight Riders,Kolkata Knight Riders,field,Sunrisers Hyderabad,23,,HC Brook,,male,T20
1359494,2023,2023-04-15,Bengaluru,"M Chinnaswamy Stadium, Bengaluru",Indian Premier League,20,Royal Challengers Bangalore,Delhi Capitals,Delhi Capitals,field,Royal Challengers Bangalore,23,,V Kohli,,male,T20
1359495,2023,2023-04-15,Lucknow,"Bharat Ratna Shri Atal Bihari Vajpayee Ekana Cricket Stadium, Lucknow",Indian Premier League,21,Lucknow Super Giants,Punjab Kings,Punjab Kings,field,Punjab Kings,,2,Sikandar Raza,,male,T20
1359496,2023,2023-04-16,Mumbai,"Wankhede Stadium, Mumbai",Indian Premier League,22,Kolkata Knight Riders,Mumbai Indians,Mumbai Indians,field,Mumbai Indians,,5,VR Iyer,,male,T20
1359497,2023,2023-04-16,Ahmedabad,"Narendra Modi Stadium, Ahmedabad",Indian Premier League,23,Gujarat Titans,Rajasthan Royals,Rajasthan Royals,field,Rajasthan Royals,,3,SO Hetmyer,,male,T20
1359498,2023,2023-04-17,Bengaluru,"M Chinnaswamy Stadium, Bengaluru",Indian Premier League,24,Chennai Super Kings,Royal Challengers Bangalore,Royal Challengers Bangalore,field,Chennai Super Kings,8,,DP Conway,,male,T20
1359499,2023,2023-04-18,Hyderabad,"Rajiv Gandhi International Stadium, Uppal, Hyderabad",Indian Premier League,25,Mumbai Indians,Sunrisers Hyderabad,Sunrisers Hyderabad,field,Mumbai Indians,14,,C Green,,male,T20
1359500,2023,2023-04-19,Jaipur,"Sawai Mansingh Stadium, Jaipur",Indian Premier League,26,Lucknow Super Giants,Rajasthan Royals,Rajasthan Royals,field,Lucknow Super Giants,10,,MP Stoinis,,male,T20
1359501,2023,2023-04-20,Chandigarh,"Punjab Cricket Association IS Bindra Stadium, Mohali, Chandigarh",Indian Premier League,27,Royal Challengers Bangalore,Punjab Kings,Punjab Kings,field,Royal Challengers Bangalore,24,,Mohammed Siraj,,male,T20
1359502,2023,2023-04-20,Delhi,"Arun Jaitley Stadium, Delhi",Indian Premier League,28,Kolkata Knight Riders,Delhi Capitals,Delhi Capitals,field,Delhi Capitals,,4,I Sharma,,male,T20
1359503,2023,2023-04-21,Chennai,"MA Chidambaram Stadium, Chepauk, Chennai",Indian Premier League,29,Sunrisers Hyderabad,Chennai Super Kings,Chennai Super Kings,field,Chennai Super Kings,,7,RA Jadeja,,male,T20
1359504,2023,2023-04-22,Lucknow,"Bharat Ratna Shri Atal Bihari Vajpayee Ekana Cricket Stadium, Lucknow",Indian Premier League,30,Gujarat Titans,Lucknow Super Giants,Gujarat Titans,bat,Gujarat Titans,7,,MM Sharma,,male,T20
1359505,2023,2023-04-22,Mumbai,"Wankhede Stadium, Mumbai",Indian Premier League,31,Punjab Kings,Mumbai Indians,Mumbai Indians,field,Punjab Kings,13,,SM Curran,,male,T20
1359506,2023,2023-04-23,Bengaluru,"M Chinnaswamy Stadium, Bengaluru",Indian Premier League,32,Royal Challengers Bangalore,Rajasthan Royals,Rajasthan Royals,field,Royal Challengers Bangalore,7,,GJ Maxwell,,male,T20
1359507,2023,2023-04-23,Kolkata,"Eden Gardens, Kolkata",Indian Premier League,33,Chennai Super Kings,Kolkata Knight Riders,Kolkata Knight Riders,field,Chennai Super Kings,49,,AM Rahane,,male,T20
1359508,2023,2023-04-24,Hyderabad,"Rajiv Gandhi International Stadium, Uppal, Hyderabad",Indian Premier League,34,Delhi Capitals,Sunrisers Hyderabad,Delhi Capitals,bat,Delhi Capitals,7,,AR Patel,,male,T20
1359509,2023,2023-04-25,Ahmedabad,"Narendra Modi Stadium, Ahmedabad",Indian Premier League,35,Gujarat Titans,Mumbai Indians,Mumbai Indians,field,Gujarat Titans,55,,A Manohar,,male,T20
1359510,2023,2023-04-26,Bengaluru,"M Chinnaswamy Stadium, Bengaluru",Indian Premier League,36,Kolkata Knight Riders,Royal Challengers Bangalore,Royal Challengers Bangalore,field,Kolkata Knight Riders,21,,CV Varun,,male,T20
1359511,2023,2023-04-27,Jaipur,"Sawai Mansingh Stadium, Jaipur",Indian Premier League,37,Rajasthan Royals,Chennai Super Kings,Rajasthan Royals,bat,Rajasthan Royals,32,,YBK Jaiswal,,male,T20
1359512,2023,2023-04-28,Chandigarh,"Punjab Cricket Association IS Bindra Stadium, Mohali, Chandigarh",Indian Premier League,38,Lucknow Super Giants,Punjab Kings,Punjab Kings,field,Lucknow Super Giants,56,,MP Stoinis,,male,T20
1359513,2023,2023-04-29,Kolkata,"Eden Gardens, Kolkata",Indian Premier League,39,Kolkata Knight Riders,Gujarat Titans,Gujarat Titans,field,Gujarat Titans,,7,J Little,,male,T20
1359514,2023,2023-04-29,Delhi,"Arun Jaitley Stadium, Delhi",Indian Premier League,40,Sunrisers Hyderabad,Delhi Capitals,Sunrisers Hyderabad,bat,Sunrisers Hyderabad,9,,MR Marsh,,male,T20
1359515,2023,2023-04-30,Chennai,"MA Chidambaram Stadium, Chepauk, Chennai",Indian Premier League,41,Chennai Super Kings,Punjab Kings,Chennai Super Kings,bat,Punjab Kings,,4,DP Conway,,male,T20
1359516,2023,2023-04-30,Mumbai,"Wankhede Stadium, Mumbai",Indian Premier League,42,Rajasthan Royals,Mumbai Indians,Rajasthan Royals,bat,Mumbai Indians,,6,YBK Jaiswal,,male,T20
1359517,2023,2023-05-01,Lucknow,"Bharat Ratna Shri Atal Bihari Vajpayee Ekana Cricket Stadium, Lucknow",Indian Premier League,43,Royal Challengers Bangalore,Lucknow Super Giants,Royal Challengers Bangalore,bat,Royal Challengers Bangalore,18,,F du Plessis,,male,T20
1359518,2023,2023-05-02,Ahmedabad,"Narendra Modi Stadium, Ahmedabad",Indian Premier League,44,Delhi Capitals,Gujarat Titans,Delhi Capitals,bat,Delhi Capitals,5,,Mohammed Shami,,male,T20
1359519,2023,2023-05-03,Lucknow,"Bharat Ratna Shri Atal Bihari Vajpayee Ekana Cricket Stadium, Lucknow",Indian Premier League,45,Lucknow Super Giants,Chennai Super Kings,Chennai Super Kings,field,,,,,no result,male,T20
1359520,2023,2023-05-03,Chandigarh,"Punjab Cricket Association IS Bindra Stadium, Mohali, Chandigarh",Indian Premier League,46,Punjab Kings,Mumbai Indians,Mumbai Indians,field,Mumbai Indians,,6,Ishan Kishan,,male,T20
1359521,2023,2023-05-04,Hyderabad,"Rajiv Gandhi International Stadium, Uppal, Hyderabad",Indian Premier League,47,Kolkata Knight Riders,Sunrisers Hyderabad,Kolkata Knight Riders,bat,Kolkata Knight Riders,5,,CV Varun,,male,T20
1359522,2023,2023-05-05,Jaipur,"Sawai Mansingh Stadium, Jaipur",Indian Premier League,48,Rajasthan Royals,Gujarat Titans,Rajasthan Royals,bat,Gujarat Titans,,9,Rashid Khan,,male,T20
1359523,2023,2023-05-06,Chennai,"MA Chidambaram Stadium, Chepauk, Chennai",Indian Premier League,49,Mumbai Indians,Chennai Super Kings,Chennai Super Kings,field,Chennai Super Kings,,6,M Pathirana,,male,T20
1359524,2023,2023-05-06,Delhi,"Arun Jaitley Stadium, Delhi",Indian Premier League,50,Royal Challengers Bangalore,Delhi Capitals,Royal Challengers Bangalore,bat,Delhi Capitals,,7,PD Salt,,male,T20
1359525,2023,2023-05-07,Ahmedabad,"Narendra Modi Stadium, Ahmedabad",Indian Premier League,51,Gujarat Titans,Lucknow Super Giants,Lucknow Super Giants,field,Gujarat Titans,56,,Shubman Gill,,male,T20
1359526,2023,2023-05-07,Jaipur,"Sawai Mansingh Stadium, Jaipur",Indian Premier League,52,Rajasthan Royals,Sunrisers Hyderabad,Rajasthan Royals,bat,Sunrisers Hyderabad,,4,GD Phillips,,male,T20
1359527,2023,2023-05-08,Kolkata,"Eden Gardens, Kolkata",Indian Premier League,53,Punjab Kings,Kolkata Knight Riders,Punjab Kings,bat,Kolkata Knight Riders,,5,AD Russell,,male,T20
1359528,2023,2023-05-09,Mumbai,"Wankhede Stadium, Mumbai",Indian Premier League,54,Royal Challengers Bangalore,Mumbai Indians,Mumbai Indians,field,Mumbai Indians,,6,SA Yadav,,male,T20
1359529,2023,2023-05-10,Chennai,"MA Chidambaram Stadium, Chepauk, Chennai",Indian Premier League,55,Chennai Super Kings,Delhi Capitals,Chennai Super Kings,bat,Chennai Super Kings,27,,RA Jadeja,,male,T20
1359530,2023,2023-05-11,Kolkata,"Eden Gardens, Kolkata",Indian Premier League,56,Kolkata Knight Riders,Rajasthan Royals,Rajasthan Royals,field,Rajasthan Royals,,9,YBK Jaiswal,,male,T20
1359531,2023,2023-05-12,Mumbai,"Wankhede Stadium, Mumbai",Indian Premier League,57,Mumbai Indians,Gujarat Titans,Gujarat Titans,field,Mumbai Indians,27,,SA Yadav,,male,T20
1359532,2023,2023-05-13,Hyderabad,"Rajiv Gandhi International Stadium, Uppal, Hyderabad",Indian Premier League,58,Sunrisers Hyderabad,Lucknow Super Giants,Sunrisers Hyderabad,bat,Lucknow Super Giants,,7,PN Mankad,,male,T20
1359533,2023,2023-05-13,Delhi,"Arun Jaitley Stadium, Delhi",Indian Premier League,59,Punjab Kings,Delhi Capitals,Delhi Capitals,field,Punjab Kings,31,,P Simran Singh,,male,T20
1359534,2023,2023-05-14,Jaipur,"Sawai Mansingh Stadium, Jaipur",Indian Premier League,60,Royal Challengers Bangalore,Rajasthan Royals,Royal Challengers Bangalore,bat,Royal Challengers Bangalore,112,,WD Parnell,,male,T20
1359535,2023,2023-05-14,Chennai,"MA Chidambaram Stadium, Chepauk, Chennai",Indian Premier League,61,Chennai Super Kings,Kolkata Knight Riders,Chennai Super Kings,bat,Kolkata Knight Riders,,6,RK Singh,,male,T20
1359536,2023,2023-05-15,Ahmedabad,"Narendra Modi Stadium, Ahmedabad",Indian Premier League,62,Gujarat Titans,Sunrisers Hyderabad,Sunrisers Hyderabad,field,Gujarat Titans,34,,Shubman Gill,,male,T20
1359537,2023,2023-05-16,Lucknow,"Bharat Ratna Shri Atal Bihari Vajpayee Ekana Cricket Stadium, Lucknow",Indian Premier League,63,Lucknow Super Giants,Mumbai Indians,Mumbai Indians,field,Lucknow Super Giants,5,,MP Stoinis,,male,T20
1359538,2023,2023-05-17,Dharamsala,"Himachal Pradesh Cricket Association Stadium, Dharamsala",Indian Premier League,64,Delhi Capitals,Punjab Kings,Punjab Kings,field,Delhi Capitals,15,,RR Rossouw,,male,T20
1359539,2023,2023-05-18,Hyderabad,"Rajiv Gandhi International Stadium, Uppal, Hyderabad",Indian Premier League,65,Sunrisers Hyderabad,Royal Challengers Bangalore,Royal Challengers Bangalore,field,Royal Challengers Bangalore,,8,V Kohli,,male,T20
1359540,2023,2023-05-19,Dharamsala,"Himachal Pradesh Cricket Association Stadium, Dharamsala",Indian Premier League,66,Punjab Kings,Rajasthan Royals,Rajasthan Royals,field,Rajasthan Royals,,4,D Padikkal,,male,T20
1359541,2023,2023-05-20,Delhi,"Arun Jaitley Stadium, Delhi",Indian Premier League,67,Chennai Super Kings,Delhi Capitals,Chennai Super Kings,bat,Chennai Super Kings,77,,RD Gaikwad,,male,T20
1359542,2023,2023-05-20,Kolkata,"Eden Gardens, Kolkata",Indian Premier League,68,Lucknow Super Giants,Kolkata Knight Riders,Kolkata Knight Riders,field,Lucknow Super Giants,1,,N Pooran,,male,T20
1359543,2023,2023-05-21,Mumbai,"Wankhede Stadium, Mumbai",Indian Premier League,69,Sunrisers Hyderabad,Mumbai Indians,Mumbai Indians,field,Mumbai Indians,,8,C Green,,male,T20
1359544,2023,2023-05-21,Bengaluru,"M Chinnaswamy Stadium, Bengaluru",Indian Premier League,70,Royal Challengers Bangalore,Gujarat Titans,Gujarat Titans,field,Gujarat Titans,,6,Shubman Gill,,male,T20
1370350,2023,2023-05-23,Chennai,"MA Chidambaram Stadium, Chepauk, Chennai",Indian Premier League,,Chennai Super Kings,Gujarat Titans,Gujarat Titans,field,Chennai Super Kings,15,,RD Gaikwad,,male,T20
1370351,2023,2023-05-24,Chennai,"MA Chidambaram Stadium, Chepauk, Chennai",Indian Premier League,,Mumbai Indians,Lucknow Super Giants,Mumbai Indians,bat,Mumbai Indians,81,,Akash Madhwal,,male,T20
1370352,2023,2023-05-26,Ahmedabad,"Narendra Modi Stadium, Ahmedabad",Indian Premier League,,Gujarat Titans,Mumbai Indians,Mumbai Indians,field,Gujarat Titans,62,,Shubman Gill,,male,T20
1370353,2023,2023-05-29,Ahmedabad,"Narendra Modi Stadium, Ahmedabad",Indian Premier League,,Gujarat Titans,Chennai Super Kings,Chennai Super Kings,field,Chennai Super Kings,,5,DP Conway,,male,T20
1422119,2024,2024-03-22,Chennai,"MA Chidambaram Stadium, Chepauk, Chennai",Indian Premier League,1,Royal Challengers Bengaluru,Chennai Super Kings,Royal Challengers Bengaluru,bat,Chennai Super Kings,,6,Mustafizur Rahman,,male,T20
1422120,2024,2024-03-23,Mohali,"Maharaja Yadavindra Singh International Cricket Stadium, Mullanpur",Indian Premier League,2,Delhi Capitals,Punjab Kings,Punjab Kings,field,Punjab Kings,,4,SM Curran,,male,T20
1422121,2024,2024-03-23,Kolkata,"Eden Gardens, Kolkata",Indian Premier League,3,Kolkata Knight Riders,Sunrisers Hyderabad,Sunrisers Hyderabad,field,Kolkata Knight Riders,4,,AD Russell,,male,T20
1422122,2024,2024-03-24,Jaipur,"Sawai Mansingh Stadium, Jaipur",Indian Premier League,4,Rajasthan Royals,Lucknow Super Giants,Rajasthan Royals,bat,Rajasthan Royals,20,,SV Samson,,male,T20
1422123,2024,2024-03-24,Ahmedabad,"Narendra Modi Stadium, Ahmedabad",Indian Premier League,5,Gujarat Titans,Mumbai Indians,Mumbai Indians,field,Gujarat Titans,6,,B Sai Sudharsan,,male,T20
1422124,2024,2024-03-25,Bengaluru,"M Chinnaswamy Stadium, Bengaluru",Indian Premier League,6,Punjab Kings,Royal Challengers Bengaluru,Royal Challengers Bengaluru,field,Royal Challengers Bengaluru,,4,V Kohli,,male,T20
1422125,2024,2024-03-26,Chennai,"MA Chidambaram Stadium, Chepauk, Chennai",Indian Premier League,7,Chennai Super Kings,Gujarat Titans,Gujarat Titans,field,Chennai Super Kings,63,,S Dube,,male,T20
1422126,2024,2024-03-27,Hyderabad,"Rajiv Gandhi International Stadium, Uppal, Hyderabad",Indian Premier League,8,Sunrisers Hyderabad,Mumbai Indians,Mumbai Indians,field,Sunrisers Hyderabad,31,,Abhishek Sharma,,male,T20
1422127,2024,2024-03-28,Jaipur,"Sawai Mansingh Stadium, Jaipur",Indian Premier League,9,Rajasthan Royals,Delhi Capitals,Delhi Capitals,field,Rajasthan Royals,12,,R Parag,,male,T20
1422128,2024,2024-03-29,Bengaluru,"M Chinnaswamy Stadium, Bengaluru",Indian Premier League,10,Royal Challengers Bengaluru,Kolkata Knight Riders,Kolkata Knight Riders,field,Kolkata Knight Riders,,7,SP Narine,,male,T20
1422129,2024,2024-03-30,Lucknow,"Bharat Ratna Shri Atal Bihari Vajpayee Ekana Cricket Stadium, Lucknow",Indian Premier League,11,Lucknow Super Giants,Punjab Kings,Lucknow Super Giants,bat,Lucknow Super Giants,21,,MP Yadav,,male,T20
1422130,2024,2024-03-31,Ahmedabad,"Narendra Modi Stadium, Ahmedabad",Indian Premier League,12,Sunrisers Hyderabad,Gujarat Titans,Sunrisers Hyderabad,bat,Gujarat Titans,,7,MM Sharma,,male,T20
1422131,2024,2024-03-31,Visakhapatnam,"Dr. Y.S. Rajasekhara Reddy ACA-VDCA Cricket Stadium, Visakhapatnam",Indian Premier League,13,Delhi Capitals,Chennai Super Kings,Delhi Capitals,bat,Delhi Capitals,20,,KK Ahmed,,male,T20
1422132,2024,2024-04-01,Mumbai,"Wankhede Stadium, Mumbai",Indian Premier League,14,Mumbai Indians,Rajasthan Royals,Rajasthan Royals,field,Rajasthan Royals,,6,TA Boult,,male,T20
1422133,2024,2024-04-02,Bengaluru,"M Chinnaswamy Stadium, Bengaluru",Indian Premier League,15,Lucknow Super Giants,Royal Challengers Bengaluru,Royal Challengers Bengaluru,field,Lucknow Super Giants,28,,MP Yadav,,male,T20
1422134,2024,2024-04-03,Visakhapatnam,"Dr. Y.S. Rajasekhara Reddy ACA-VDCA Cricket Stadium, Visakhapatnam",Indian Premier League,16,Kolkata Knight Riders,Delhi Capitals,Kolkata Knight Riders,bat,Kolkata Knight Riders,106,,SP Narine,,male,T20
1422135,2024,2024-04-04,Ahmedabad,"Narendra Modi Stadium, Ahmedabad",Indian Premier League,17,Gujarat Titans,Punjab Kings,Punjab Kings,field,Punjab Kings,,3,Shashank Singh,,male,T20
1422136,2024,2024-04-05,Hyderabad,"Rajiv Gandhi International Stadium, Uppal, Hyderabad",Indian Premier League,18,Chennai Super Kings,Sunrisers Hyderabad,Sunrisers Hyderabad,field,Sunrisers Hyderabad,,6,Abhishek Sharma,,male,T20
1422137,2024,2024-04-06,Jaipur,"Sawai Mansingh Stadium, Jaipur",Indian Premier League,19,Royal Challengers Bengaluru,Rajasthan Royals,Rajasthan Royals,field,Rajasthan Royals,,6,JC Buttler,,male,T20
1422138,2024,2024-04-07,Mumbai,"Wankhede Stadium, Mumbai",Indian Premier League,20,Mumbai Indians,Delhi Capitals,Delhi Capitals,field,Mumbai Indians,29,,R Shepherd,,male,T20
1422139,2024,2024-04-07,Lucknow,"Bharat Ratna Shri Atal Bihari Vajpayee Ekana Cricket Stadium, Lucknow",Indian Premier League,21,Lucknow Super Giants,Gujarat Titans,Lucknow Super Giants,bat,Lucknow Super Giants,33,,Yash Thakur,,male,T20
1426260,2024,2024-04-08,Chennai,"MA Chidambaram Stadium, Chepauk, Chennai",Indian Premier League,22,Kolkata Knight Riders,Chennai Super Kings,Chennai Super Kings,field,Chennai Super Kings,,7,RA Jadeja,,male,T20
1426261,2024,2024-04-09,Mohali,"Maharaja Yadavindra Singh International Cricket Stadium, Mullanpur",Indian Premier League,23,Sunrisers Hyderabad,Punjab Kings,Punjab Kings,field,Sunrisers Hyderabad,2,,Nithish Kumar Reddy,,male,T20
1426262,2024,2024-04-10,Jaipur,"Sawai Mansingh Stadium, Jaipur",Indian Premier League,24,Rajasthan Royals,Gujarat Titans,Gujarat Titans,field,Gujarat Titans,,3,Rashid Khan,,male,T20
1426263,2024,2024-04-11,Mumbai,"Wankhede Stadium, Mumbai",Indian Premier League,25,Royal Challengers Bengaluru,Mumbai Indians,Mumbai Indians,field,Mumbai Indians,,7,JJ Bumrah,,male,T20
1426264,2024,2024-04-12,Lucknow,"Bharat Ratna Shri Atal Bihari Vajpayee Ekana Cricket Stadium, Lucknow",Indian Premier League,26,Lucknow Super Giants,Delhi Capitals,Lucknow Super Giants,bat,Delhi Capitals,,6,Kuldeep Yadav,,male,T20
1426265,2024,2024-04-13,Mohali,"Maharaja Yadavindra Singh International Cricket Stadium, Mullanpur",Indian Premier League,27,Punjab Kings,Rajasthan Royals,Rajasthan Royals,field,Rajasthan Royals,,3,SO Hetmyer,,male,T20
1426266,2024,2024-04-14,Kolkata,"Eden Gardens, Kolkata",Indian Premier League,28,Lucknow Super Giants,Kolkata Knight Riders,Kolkata Knight Riders,field,Kolkata Knight Riders,,8,PD Salt,,male,T20
1426267,2024,2024-04-14,Mumbai,"Wankhede Stadium, Mumbai",Indian Premier League,29,Chennai Super Kings,Mumbai Indians,Mumbai Indians,field,Chennai Super Kings,20,,M Pathirana,,male,T20
1426268,2024,2024-04-15,Bengaluru,"M Chinnaswamy Stadium, Bengaluru",Indian Premier League,30,Sunrisers Hyderabad,Royal Challengers Bengaluru,Royal Challengers Bengaluru,field,Sunrisers Hyderabad,25,,TM Head,,male,T20
1426269,2024,2024-04-16,Kolkata,"Eden Gardens, Kolkata",Indian Premier League,31,Kolkata Knight Riders,Rajasthan Royals,Rajasthan Royals,field,Rajasthan Royals,,2,JC Buttler,,male,T20
1426270,2024,2024-04-17,Ahmedabad,"Narendra Modi Stadium, Ahmedabad",Indian Premier League,32,Gujarat Titans,Delhi Capitals,Delhi Capitals,field,Delhi Capitals,,6,RR Pant,,male,T20
1426271,2024,2024-04-18,Mohali,"Maharaja Yadavindra Singh International Cricket Stadium, Mullanpur",Indian Premier League,33,Mumbai Indians,Punjab Kings,Punjab Kings,field,Mumbai Indians,9,,JJ Bumrah,,male,T20
1426272,2024,2024-04-19,Lucknow,"Bharat Ratna Shri Atal Bihari Vajpayee Ekana Cricket Stadium, Lucknow",Indian Premier League,34,Chennai Super Kings,Lucknow Super Giants,Lucknow Super Giants,field,Lucknow Super Giants,,8,KL Rahul,,male,T20
1426273,2024,2024-04-20,Delhi,"Arun Jaitley Stadium, Delhi",Indian Premier League,35,Sunrisers Hyderabad,Delhi Capitals,Delhi Capitals,field,Sunrisers Hyderabad,67,,TM Head,,male,T20
1426274,2024,2024-04-21,Kolkata,"Eden Gardens, Kolkata",Indian Premier League,36,Kolkata Knight Riders,Royal Challengers Bengaluru,Royal Challengers Bengaluru,field,Kolkata Knight Riders,1,,AD Russell,,male,T20
1426275,2024,2024-04-21,Mohali,"Maharaja Yadavindra Singh International Cricket Stadium, Mullanpur",Indian Premier League,37,Punjab Kings,Gujarat Titans,Punjab Kings,bat,Gujarat Titans,,3,R Sai Kishore,,male,T20
1426276,2024,2024-04-22,Jaipur,"Sawai Mansingh Stadium, Jaipur",Indian Premier League,38,Mumbai Indians,Rajasthan Royals,Mumbai Indians,bat,Rajasthan Royals,,9,Sandeep Sharma,,male,T20
1426277,2024,2024-04-23,Chennai,"MA Chidambaram Stadium, Chepauk, Chennai",Indian Premier League,39,Chennai Super Kings,Lucknow Super Giants,Lucknow Super Giants,field,Lucknow Super Giants,,6,MP Stoinis,,male,T20
1426278,2024,2024-04-24,Delhi,"Arun Jaitley Stadium, Delhi",Indian Premier League,40,Delhi Capitals,Gujarat Titans,Gujarat Titans,field,Delhi Capitals,4,,RR Pant,,male,T20
1426279,2024,2024-04-25,Hyderabad,"Rajiv Gandhi International Stadium, Uppal, Hyderabad",Indian Premier League,41,Royal Challengers Bengaluru,Sunrisers Hyderabad,Royal Challengers Bengaluru,bat,Royal Challengers Bengaluru,35,,RM Patidar,,male,T20
1426280,2024,2024-04-26,Kolkata,"Eden Gardens, Kolkata",Indian Premier League,42,Kolkata Knight Riders,Punjab Kings,Punjab Kings,field,Punjab Kings,,8,JM Bairstow,,male,T20
1426281,2024,2024-04-27,Delhi,"Arun Jaitley Stadium, Delhi",Indian Premier League,43,Delhi Capitals,Mumbai Indians,Mumbai Indians,field,Delhi Capitals,10,,J Fraser-McGurk,,male,T20
1426282,2024,2024-04-27,Lucknow,"Bharat Ratna Shri Atal Bihari Vajpayee Ekana Cricket Stadium, Lucknow",Indian Premier League,44,Lucknow Super Giants,Rajasthan Royals,Rajasthan Royals,field,Rajasthan Royals,,7,SV Samson,,male,T20
1426283,2024,2024-04-28,Ahmedabad,"Narendra Modi Stadium, Ahmedabad",Indian Premier League,45,Gujarat Titans,Royal Challengers Bengaluru,Royal Challengers Bengaluru,field,Royal Challengers Bengaluru,,9,WG Jacks,,male,T20
1426284,2024,2024-04-28,Chennai,"MA Chidambaram Stadium, Chepauk, Chennai",Indian Premier League,46,Chennai Super Kings,Sunrisers Hyderabad,Sunrisers Hyderabad,field,Chennai Super Kings,78,,RD Gaikwad,,male,T20
1426285,2024,2024-04-29,Kolkata,"Eden Gardens, Kolkata",Indian Premier League,47,Delhi Capitals,Kolkata Knight Riders,Delhi Capitals,bat,Kolkata Knight Riders,,7,CV Varun,,male,T20
1426286,2024,2024-04-30,Lucknow,"Bharat Ratna Shri Atal Bihari Vajpayee Ekana Cricket Stadium, Lucknow",Indian Premier League,48,Mumbai Indians,Lucknow Super Giants,Lucknow Super Giants,field,Lucknow Super Giants,,4,MP Stoinis,,male,T20
1426287,2024,2024-05-01,Chennai,"MA Chidambaram Stadium, Chepauk, Chennai",Indian Premier League,49,Chennai Super Kings,Punjab Kings,Punjab Kings,field,Punjab Kings,,7,Harpreet Brar,,male,T20
1426288,2024,2024-05-02,Hyderabad,"Rajiv Gandhi International Stadium, Uppal, Hyderabad",Indian Premier League,50,Sunrisers Hyderabad,Rajasthan Royals,Sunrisers Hyderabad,bat,Sunrisers Hyderabad,1,,B Kumar,,male,T20
1426289,2024,2024-05-03,Mumbai,"Wankhede Stadium, Mumbai",Indian Premier League,51,Kolkata Knight Riders,Mumbai Indians,Mumbai Indians,field,Kolkata Knight Riders,24,,VR Iyer,,male,T20
1426290,2024,2024-05-04,Bengaluru,"M Chinnaswamy Stadium, Bengaluru",Indian Premier League,52,Gujarat Titans,Royal Challengers Bengaluru,Royal Challengers Bengaluru,field,Royal Challengers Bengaluru,,4,Mohammed Siraj,,male,T20
1426291,2024,2024-05-05,Dharamsala,"Himachal Pradesh Cricket Association Stadium, Dharamsala",Indian Premier League,53,Chennai Super Kings,Punjab Kings,Punjab Kings,field,Chennai Super Kings,28,,RA Jadeja,,male,T20
1426292,2024,2024-05-05,Lucknow,"Bharat Ratna Shri Atal Bihari Vajpayee Ekana Cricket Stadium, Lucknow",Indian Premier League,54,Kolkata Knight Riders,Lucknow Super Giants,Lucknow Super Giants,field,Kolkata Knight Riders,98,,SP Narine,,male,T20
1426293,2024,2024-05-06,Mumbai,"Wankhede Stadium, Mumbai",Indian Premier League,55,Sunrisers Hyderabad,Mumbai Indians,Mumbai Indians,field,Mumbai Indians,,7,SA Yadav,,male,T20
1426294,2024,2024-05-07,Delhi,"Arun Jaitley Stadium, Delhi",Indian Premier League,56,Delhi Capitals,Rajasthan Royals,Rajasthan Royals,field,Delhi Capitals,20,,Kuldeep Yadav,,male,T20
1426295,2024,2024-05-08,Hyderabad,"Rajiv Gandhi International Stadium, Uppal, Hyderabad",Indian Premier League,57,Lucknow Super Giants,Sunrisers Hyderabad,Lucknow Super Giants,bat,Sunrisers Hyderabad,,10,TM Head,,male,T20
1426296,2024,2024-05-09,Dharamsala,"Himachal Pradesh Cricket Association Stadium, Dharamsala",Indian Premier League,58,Royal Challengers Bengaluru,Punjab Kings,Punjab Kings,field,Royal Challengers Bengaluru,60,,V Kohli,,male,T20
1426297,2024,2024-05-10,Ahmedabad,"Narendra Modi Stadium, Ahmedabad",Indian Premier League,59,Gujarat Titans,Chennai Super Kings,Chennai Super Kings,field,Gujarat Titans,35,,Shubman Gill,,male,T20
1426298,2024,2024-05-11,Kolkata,"Eden Gardens, Kolkata",Indian Premier League,60,Kolkata Knight Riders,Mumbai Indians,Mumbai Indians,field,Kolkata Knight Riders,18,,CV Varun,,male,T20
1426299,2024,2024-05-12,Chennai,"MA Chidambaram Stadium, Chepauk, Chennai",Indian Premier League,61,Rajasthan Royals,Chennai Super Kings,Rajasthan Royals,bat,Chennai Super Kings,,5,Simarjeet Singh,,male,T20
1426300,2024,2024-05-12,Bengaluru,"M Chinnaswamy Stadium, Bengaluru",Indian Premier League,62,Royal Challengers Bengaluru,Delhi Capitals,Delhi Capitals,field,Royal Challengers Bengaluru,47,,C Green,,male,T20
1426302,2024,2024-05-14,Delhi,"Arun Jaitley Stadium, Delhi",Indian Premier League,64,Delhi Capitals,Lucknow Super Giants,Lucknow Super Giants,field,Delhi Capitals,19,,I Sharma,,male,T20
1426303,2024,2024-05-15,Guwahati,"Barsapara Cricket Stadium, Guwahati",Indian Premier League,65,Rajasthan Royals,Punjab Kings,Rajasthan Royals,bat,Punjab Kings,,5,SM Curran,,male,T20
1426305,2024,2024-05-17,Mumbai,"Wankhede Stadium, Mumbai",Indian Premier League,67,Lucknow Super Giants,Mumbai Indians,Mumbai Indians,field,Lucknow Super Giants,18,,N Pooran,,male,T20
1426306,2024,2024-05-18,Bengaluru,"M Chinnaswamy Stadium, Bengaluru",Indian Premier League,68,Royal Challengers Bengaluru,Chennai Super Kings,Chennai Super Kings,field,Royal Challengers Bengaluru,27,,F du Plessis,,male,T20
1426307,2024,2024-05-19,Hyderabad,"Rajiv Gandhi International Stadium, Uppal, Hyderabad",Indian Premier League,69,Punjab Kings,Sunrisers Hyderabad,Punjab Kings,bat,Sunrisers Hyderabad,,4,Abhishek Sharma,,male,T20
1426309,2024,2024-05-21,Ahmedabad,"Narendra Modi Stadium, Ahmedabad",Indian Premier League,,Sunrisers Hyderabad,Kolkata Knight Riders,Sunrisers Hyderabad,bat,Kolkata Knight Riders,,8,MA Starc,,male,T20
1426310,2024,2024-05-22,Ahmedabad,"Narendra Modi Stadium, Ahmedabad",Indian Premier League,,Royal Challengers Bengaluru,Rajasthan Royals,Rajasthan Royals,field,Rajasthan Royals,,4,R Ashwin,,male,T20
1426311,2024,2024-05-24,Chennai,"MA Chidambaram Stadium, Chepauk, Chennai",Indian Premier League,,Sunrisers Hyderabad,Rajasthan Royals,Rajasthan Royals,field,Sunrisers Hyderabad,36,,Shahbaz Ahmed,,male,T20
1426312,2024,2024-05-26,Chennai,"MA Chidambaram Stadium, Chepauk, Chennai",Indian Premier League,,Sunrisers Hyderabad,Kolkata Knight Riders,Sunrisers Hyderabad,bat,Kolkata Knight Riders,,8,MA Starc,,male,T20
1473438,2025,2025-03-22,Kolkata,"Eden Gardens, Kolkata",Indian Premier League,1,Kolkata Knight Riders,Royal Challengers Bengaluru,Royal Challengers Bengaluru,field,Royal Challengers Bengaluru,,7,KH Pandya,,male,T20
1473439,2025,2025-03-23,Hyderabad,"Rajiv Gandhi International Stadium, Uppal, Hyderabad",Indian Premier League,2,Sunrisers Hyderabad,Rajasthan Royals,Rajasthan Royals,field,Sunrisers Hyderabad,44,,Ishan Kishan,,male,T20
1473440,2025,2025-03-23,Chennai,"MA Chidambaram Stadium, Chepauk, Chennai",Indian Premier League,3,Mumbai Indians,Chennai Super Kings,Chennai Super Kings,field,Chennai Super Kings,,4,Noor Ahmad,,male,T20
1473441,2025,2025-03-24,Visakhapatnam,"Dr. Y.S. Rajasekhara Reddy ACA-VDCA Cricket Stadium, Visakhapatnam",Indian Premier League,4,Lucknow Super Giants,Delhi Capitals,Delhi Capitals,field,Delhi Capitals,,1,Ashutosh Sharma,,male,T20
1473442,2025,2025-03-25,Ahmedabad,"Narendra Modi Stadium, Ahmedabad",Indian Premier League,5,Punjab Kings,Gujarat Titans,Gujarat Titans,field,Punjab Kings,11,,SS Iyer,,male,T20
1473443,2025,2025-03-26,Guwahati,"Barsapara Cricket Stadium, Guwahati",Indian Premier League,6,Rajasthan Royals,Kolkata Knight Riders,Kolkata Knight Riders,field,Kolkata Knight Riders,,8,Q de Kock,,male,T20
1473444,2025,2025-03-27,Hyderabad,"Rajiv Gandhi International Stadium, Uppal, Hyderabad",Indian Premier League,7,Sunrisers Hyderabad,Lucknow Super Giants,Lucknow Super Giants,field,Lucknow Super Giants,,5,SN Thakur,,male,T20
1473445,2025,2025-03-28,Chennai,"MA Chidambaram Stadium, Chepauk, Chennai",Indian Premier League,8,Royal Challengers Bengaluru,Chennai Super Kings,Chennai Super Kings,field,Royal Challengers Bengaluru,50,,RM Patidar,,male,T20
1473446,2025,2025-03-29,Ahmedabad,"Narendra Modi Stadium, Ahmedabad",Indian Premier League,9,Gujarat Titans,Mumbai Indians,Mumbai Indians,field,Gujarat Titans,36,,M Prasidh Krishna,,male,T20
1473447,2025,2025-03-30,Visakhapatnam,"Dr. Y.S. Rajasekhara Reddy ACA-VDCA Cricket Stadium, Visakhapatnam",Indian Premier League,10,Sunrisers Hyderabad,Delhi Capitals,Sunrisers Hyderabad,bat,Delhi Capitals,,7,MA Starc,,male,T20
1473448,2025,2025-03-30,Guwahati,"Barsapara Cricket Stadium, Guwahati",Indian Premier League,11,Rajasthan Royals,Chennai Super Kings,Chennai Super Kings,field,Rajasthan Royals,6,,N Rana,,male,T20
1473449,2025,2025-03-31,Mumbai,"Wankhede Stadium, Mumbai",Indian Premier League,12,Kolkata Knight Riders,Mumbai Indians,Mumbai Indians,field,Mumbai Indians,,8,Ashwani Kumar,,male,T20
1473450,2025,2025-04-01,Lucknow,"Bharat Ratna Shri Atal Bihari Vajpayee Ekana Cricket Stadium, Lucknow",Indian Premier League,13,Lucknow Super Giants,Punjab Kings,Punjab Kings,field,Punjab Kings,,8,P Simran Singh,,male,T20
1473451,2025,2025-04-02,Bengaluru,"M Chinnaswamy Stadium, Bengaluru",Indian Premier League,14,Royal Challengers Bengaluru,Gujarat Titans,Gujarat Titans,field,Gujarat Titans,,8,Mohammed Siraj,,male,T20
1473452,2025,2025-04-03,Kolkata,"Eden Gardens, Kolkata",Indian Premier League,15,Kolkata Knight Riders,Sunrisers Hyderabad,Sunrisers Hyderabad,field,Kolkata Knight Riders,80,,VG Arora,,male,T20
1473453,2025,2025-04-04,Lucknow,"Bharat Ratna Shri Atal Bihari Vajpayee Ekana Cricket Stadium, Lucknow",Indian Premier League,16,Lucknow Super Giants,Mumbai Indians,Mumbai Indians,field,Lucknow Super Giants,12,,DS Rathi,,male,T20
1473454,2025,2025-04-05,Chennai,"MA Chidambaram Stadium, Chepauk, Chennai",Indian Premier League,17,Delhi Capitals,Chennai Super Kings,Delhi Capitals,bat,Delhi Capitals,25,,KL Rahul,,male,T20
1473455,2025,2025-04-05,Mohali,"Maharaja Yadavindra Singh International Cricket Stadium, Mullanpur",Indian Premier League,18,Rajasthan Royals,Punjab Kings,Punjab Kings,field,Rajasthan Royals,50,,JC Archer,,male,T20
1473456,2025,2025-04-08,Kolkata,"Eden Gardens, Kolkata",Indian Premier League,21,Lucknow Super Giants,Kolkata Knight Riders,Kolkata Knight Riders,field,Lucknow Super Giants,4,,N Pooran,,male,T20
1473457,2025,2025-04-06,Hyderabad,"Rajiv Gandhi International Stadium, Uppal, Hyderabad",Indian Premier League,19,Sunrisers Hyderabad,Gujarat Titans,Gujarat Titans,field,Gujarat Titans,,7,Mohammed Siraj,,male,T20
1473458,2025,2025-04-07,Mumbai,"Wankhede Stadium, Mumbai",Indian Premier League,20,Royal Challengers Bengaluru,Mumbai Indians,Mumbai Indians,field,Royal Challengers Bengaluru,12,,RM Patidar,,male,T20
1473459,2025,2025-04-08,Mohali,"Maharaja Yadavindra Singh International Cricket Stadium, Mullanpur",Indian Premier League,22,Punjab Kings,Chennai Super Kings,Punjab Kings,bat,Punjab Kings,18,,Priyansh Arya,,male,T20
1473460,2025,2025-04-09,Ahmedabad,"Narendra Modi Stadium, Ahmedabad",Indian Premier League,23,Gujarat Titans,Rajasthan Royals,Rajasthan Royals,field,Gujarat Titans,58,,B Sai Sudharsan,,male,T20
1473461,2025,2025-04-10,Bengaluru,"M Chinnaswamy Stadium, Bengaluru",Indian Premier League,24,Royal Challengers Bengaluru,Delhi Capitals,Delhi Capitals,field,Delhi Capitals,,6,KL Rahul,,male,T20
1473462,2025,2025-04-11,Chennai,"MA Chidambaram Stadium, Chepauk, Chennai",Indian Premier League,25,Chennai Super Kings,Kolkata Knight Riders,Kolkata Knight Riders,field,Kolkata Knight Riders,,8,SP Narine,,male,T20
1473463,2025,2025-04-12,Lucknow,"Bharat Ratna Shri Atal Bihari Vajpayee Ekana Cricket Stadium, Lucknow",Indian Premier League,26,Gujarat Titans,Lucknow Super Giants,Lucknow Super Giants,field,Lucknow Super Giants,,6,AK Markram,,male,T20
1473464,2025,2025-04-12,Hyderabad,"Rajiv Gandhi International Stadium, Uppal, Hyderabad",Indian Premier League,27,Punjab Kings,Sunrisers Hyderabad,Punjab Kings,bat,Sunrisers Hyderabad,,8,Abhishek Sharma,,male,T20
1473465,2025,2025-04-13,Jaipur,"Sawai Mansingh Stadium, Jaipur",Indian Premier League,28,Rajasthan Royals,Royal Challengers Bengaluru,Royal Challengers Bengaluru,field,Royal Challengers Bengaluru,,9,PD Salt,,male,T20
1473466,2025,2025-04-13,Delhi,"Arun Jaitley Stadium, Delhi",Indian Premier League,29,Mumbai Indians,Delhi Capitals,Delhi Capitals,field,Mumbai Indians,12,,KV Sharma,,male,T20
1473467,2025,2025-04-14,Lucknow,"Bharat Ratna Shri Atal Bihari Vajpayee Ekana Cricket Stadium, Lucknow",Indian Premier League,30,Lucknow Super Giants,Chennai Super Kings,Chennai Super Kings,field,Chennai Super Kings,,5,MS Dhoni,,male,T20
1473468,2025,2025-04-15,Mohali,"Maharaja Yadavindra Singh International Cricket Stadium, Mullanpur",Indian Premier League,31,Punjab Kings,Kolkata Knight Riders,Punjab Kings,bat,Punjab Kings,16,,YS Chahal,,male,T20
1473469,2025,2025-04-16,Delhi,"Arun Jaitley Stadium, Delhi",Indian Premier League,32,Delhi Capitals,Rajasthan Royals,Rajasthan Royals,field,,,,MA Starc,tie,male,T20
1473470,2025,2025-04-17,Mumbai,"Wankhede Stadium, Mumbai",Indian Premier League,33,Sunrisers Hyderabad,Mumbai Indians,Mumbai Indians,field,Mumbai Indians,,4,WG Jacks,,male,T20
1473471,2025,2025-04-18,Bengaluru,"M Chinnaswamy Stadium, Bengaluru",Indian Premier League,34,Royal Challengers Bengaluru,Punjab Kings,Punjab Kings,field,Punjab Kings,,5,TH David,,male,T20
1473472,2025,2025-04-19,Ahmedabad,"Narendra Modi Stadium, Ahmedabad",Indian Premier League,35,Delhi Capitals,Gujarat Titans,Gujarat Titans,field,Gujarat Titans,,7,JC Buttler,,male,T20
1473473,2025,2025-04-19,Jaipur,"Sawai Mansingh Stadium, Jaipur",Indian Premier League,36,Lucknow Super Giants,Rajasthan Royals,Lucknow Super Giants,bat,Lucknow Super Giants,2,,Avesh Khan,,male,T20
1473474,2025,2025-04-20,Mohali,"Maharaja Yadavindra Singh International Cricket Stadium, Mullanpur",Indian Premier League,37,Punjab Kings,Royal Challengers Bengaluru,Royal Challengers Bengaluru,field,Royal Challengers Bengaluru,,7,V Kohli,,male,T20
1473475,2025,2025-04-20,Mumbai,"Wankhede Stadium, Mumbai",Indian Premier League,38,Chennai Super Kings,Mumbai Indians,Mumbai Indians,field,Mumbai Indians,,9,RG Sharma,,male,T20
1473476,2025,2025-04-21,Kolkata,"Eden Gardens, Kolkata",Indian Premier League,39,Gujarat Titans,Kolkata Knight Riders,Kolkata Knight Riders,field,Gujarat Titans,39,,Shubman Gill,,male,T20
1473477,2025,2025-04-22,Lucknow,"Bharat Ratna Shri Atal Bihari Vajpayee Ekana Cricket Stadium, Lucknow",Indian Premier League,40,Lucknow Super Giants,Delhi Capitals,Delhi Capitals,field,Delhi Capitals,,8,Mukesh Kumar,,male,T20
1473478,2025,2025-04-23,Hyderabad,"Rajiv Gandhi International Stadium, Uppal, Hyderabad",Indian Premier League,41,Sunrisers Hyderabad,Mumbai Indians,Mumbai Indians,field,Mumbai Indians,,7,TA Boult,,male,T20
1473479,2025,2025-04-24,Bengaluru,"M Chinnaswamy Stadium, Bengaluru",Indian Premier League,42,Royal Challengers Bengaluru,Rajasthan Royals,Rajasthan Royals,field,Royal Challengers Bengaluru,11,,JR Hazlewood,,male,T20
1473480,2025,2025-04-25,Chennai,"MA Chidambaram Stadium, Chepauk, Chennai",Indian Premier League,43,Chennai Super Kings,Sunrisers Hyderabad,Sunrisers Hyderabad,field,Sunrisers Hyderabad,,5,HV Patel,,male,T20
1473481,2025,2025-04-26,Kolkata,"Eden Gardens, Kolkata",Indian Premier League,44,Punjab Kings,Kolkata Knight Riders,Punjab Kings,bat,,,,,no result,male,T20
1473482,2025,2025-04-27,Mumbai,"Wankhede Stadium, Mumbai",Indian Premier League,45,Mumbai Indians,Lucknow Super Giants,Lucknow Super Giants,field,Mumbai Indians,54,,WG Jacks,,male,T20
1473483,2025,2025-04-27,Delhi,"Arun Jaitley Stadium, Delhi",Indian Premier League,46,Delhi Capitals,Royal Challengers Bengaluru,Royal Challengers Bengaluru,field,Royal Challengers Bengaluru,,6,KH Pandya,,male,T20
1473484,2025,2025-04-28,Jaipur,"Sawai Mansingh Stadium, Jaipur",Indian Premier League,47,Gujarat Titans,Rajasthan Royals,Rajasthan Royals,field,Rajasthan Royals,,8,V Suryavanshi,,male,T20
1473485,2025,2025-04-29,Delhi,"Arun Jaitley Stadium, Delhi",Indian Premier League,48,Kolkata Knight Riders,Delhi Capitals,Delhi Capitals,field,Kolkata Knight Riders,14,,SP Narine,,male,T20
1473486,2025,2025-04-30,Chennai,"MA Chidambaram Stadium, Chepauk, Chennai",Indian Premier League,49,Chennai Super Kings,Punjab Kings,Punjab Kings,field,Punjab Kings,,4,SS Iyer,,male,T20
1473487,2025,2025-05-01,Jaipur,"Sawai Mansingh Stadium, Jaipur",Indian Premier League,50,Mumbai Indians,Rajasthan Royals,Rajasthan Royals,field,Mumbai Indians,100,,RD Rickelton,,male,T20
1473488,2025,2025-05-02,Ahmedabad,"Narendra Modi Stadium, Ahmedabad",Indian Premier League,51,Gujarat Titans,Sunrisers Hyderabad,Sunrisers Hyderabad,field,Gujarat Titans,38,,M Prasidh Krishna,,male,T20
1473489,2025,2025-05-03,Bengaluru,"M Chinnaswamy Stadium, Bengaluru",Indian Premier League,52,Royal Challengers Bengaluru,Chennai Super Kings,Chennai Super Kings,field,Royal Challengers Bengaluru,2,,R Shepherd,,male,T20
1473490,2025,2025-05-04,Kolkata,"Eden Gardens, Kolkata",Indian Premier League,53,Kolkata Knight Riders,Rajasthan Royals,Kolkata Knight Riders,bat,Kolkata Knight Riders,1,,AD Russell,,male,T20
1473491,2025,2025-05-04,Dharamsala,"Himachal Pradesh Cricket Association Stadium, Dharamsala",Indian Premier League,54,Punjab Kings,Lucknow Super Giants,Lucknow Super Giants,field,Punjab Kings,37,,P Simran Singh,,male,T20
1473492,2025,2025-05-05,Hyderabad,"Rajiv Gandhi International Stadium, Uppal, Hyderabad",Indian Premier League,55,Delhi Capitals,Sunrisers Hyderabad,Sunrisers Hyderabad,field,,,,,no result,male,T20
1473493,2025,2025-05-06,Mumbai,"Wankhede Stadium, Mumbai",Indian Premier League,56,Mumbai Indians,Gujarat Titans,Gujarat Titans,field,Gujarat Titans,,3,Shubman Gill,,male,T20
1473494,2025,2025-05-07,Kolkata,"Eden Gardens, Kolkata",Indian Premier League,57,Kolkata Knight Riders,Chennai Super Kings,Kolkata Knight Riders,bat,Chennai Super Kings,,2,Noor Ahmad,,male,T20
1473495,2025,2025-05-08,Dharamsala,"Himachal Pradesh Cricket Association Stadium, Dharamsala",Indian Premier League,58,Punjab Kings,Delhi Capitals,Punjab Kings,bat,,,,,no result,male,T20
1473497,2025,2025-05-18,Jaipur,"Sawai Mansingh Stadium, Jaipur",Indian Premier League,59,Punjab Kings,Rajasthan Royals,Punjab Kings,bat,Punjab Kings,10,,Harpreet Brar,,male,T20
1473498,2025,2025-05-18,Delhi,"Arun Jaitley Stadium, Delhi",Indian Premier League,60,Delhi Capitals,Gujarat Titans,Gujarat Titans,field,Gujarat Titans,,10,B Sai Sudharsan,,male,T20
1473499,2025,2025-05-19,Lucknow,"Bharat Ratna Shri Atal Bihari Vajpayee Ekana Cricket Stadium, Lucknow",Indian Premier League,61,Lucknow Super Giants,Sunrisers Hyderabad,Sunrisers Hyderabad,field,Sunrisers Hyderabad,,6,Abhishek Sharma,,male,T20
1473500,2025,2025-05-20,Delhi,"Arun Jaitley Stadium, Delhi",Indian Premier League,62,Chennai Super Kings,Rajasthan Royals,Rajasthan Royals,field,Rajasthan Royals,,6,Akash Madhwal,,male,T20
1473501,2025,2025-05-21,Mumbai,"Wankhede Stadium, Mumbai",Indian Premier League,63,Mumbai Indians,Delhi Capitals,Delhi Capitals,field,Mumbai Indians,59,,SA Yadav,,male,T20
1473502,2025,2025-05-22,Ahmedabad,"Narendra Modi Stadium, Ahmedabad",Indian Premier League,64,Lucknow Super Giants,Gujarat Titans,Gujarat Titans,field,Lucknow Super Giants,33,,MR Marsh,,male,T20
1473503,2025,2025-05-23,Lucknow,"Bharat Ratna Shri Atal Bihari Vajpayee Ekana Cricket Stadium, Lucknow",Indian Premier League,65,Sunrisers Hyderabad,Royal Challengers Bengaluru,Royal Challengers Bengaluru,field,Sunrisers Hyderabad,42,,Ishan Kishan,,male,T20
1473504,2025,2025-05-25,Ahmedabad,"Narendra Modi Stadium, Ahmedabad",Indian Premier League,67,Chennai Super Kings,Gujarat Titans,Chennai Super Kings,bat,Chennai Super Kings,83,,D Brevis,,male,T20
1473505,2025,2025-05-25,Delhi,"Arun Jaitley Stadium, Delhi",Indian Premier League,68,Sunrisers Hyderabad,Kolkata Knight Riders,Sunrisers Hyderabad,bat,Sunrisers Hyderabad,110,,H Klaasen,,male,T20
1473506,2025,2025-05-26,Jaipur,"Sawai Mansingh Stadium, Jaipur",Indian Premier League,69,Mumbai Indians,Punjab Kings,Punjab Kings,field,Punjab Kings,,7,JP Inglis,,male,T20
1473507,2025,2025-05-27,Lucknow,"Bharat Ratna Shri Atal Bihari Vajpayee Ekana Cricket Stadium, Lucknow",Indian Premier League,70,Lucknow Super Giants,Royal Challengers Bengaluru,Royal Challengers Bengaluru,field,Royal Challengers Bengaluru,,6,JM Sharma,,male,T20
1473508,2025,2025-05-29,New Chandigarh,"Maharaja Yadavindra Singh International Cricket Stadium, Mullanpur",Indian Premier League,,Punjab Kings,Royal Challengers Bengaluru,Royal Challengers Bengaluru,field,Royal Challengers Bengaluru,,8,Suyash Sharma,,male,T20
1473509,2025,2025-05-30,New Chandigarh,"Maharaja Yadavindra Singh International Cricket Stadium, New Chandigarh",Indian Premier League,,Mumbai Indians,Gujarat Titans,Mumbai Indians,bat,Mumbai Indians,20,,RG Sharma,,male,T20
1473510,2025,2025-06-01,Ahmedabad,"Narendra Modi Stadium, Ahmedabad",Indian Premier League,,Mumbai Indians,Punjab Kings,Punjab Kings,field,Punjab Kings,,5,SS Iyer,,male,T20
1473511,2025,2025-06-03,Ahmedabad,"Narendra Modi Stadium, Ahmedabad",Indian Premier League,,Royal Challengers Bengaluru,Punjab Kings,Punjab Kings,field,Royal Challengers Bengaluru,6,,KH Pandya,,male,T20
1485779,2025,2025-05-24,Jaipur,"Sawai Mansingh Stadium, Jaipur",Indian Premier League,66,Punjab Kings,Delhi Capitals,Delhi Capitals,field,Delhi Capitals,,6,Sameer Rizvi,,male,T20
1527674,2026,2026-03-28,Bengaluru,"M Chinnaswamy Stadium, Bengaluru",Indian Premier League,1,Sunrisers Hyderabad,Royal Challengers Bengaluru,Royal Challengers Bengaluru,field,Royal Challengers Bengaluru,,6,JA Duffy,,male,T20
1527675,2026,2026-03-29,Mumbai,"Wankhede Stadium, Mumbai",Indian Premier League,2,Kolkata Knight Riders,Mumbai Indians,Mumbai Indians,field,Mumbai Indians,,6,SN Thakur,,male,T20
1527676,2026,2026-03-30,Guwahati,"Barsapara Cricket Stadium, Guwahati",Indian Premier League,3,Chennai Super Kings,Rajasthan Royals,Rajasthan Royals,field,Rajasthan Royals,,8,N Burger,,male,T20
1527677,2026,2026-03-31,New Chandigarh,"Maharaja Yadavindra Singh International Cricket Stadium, New Chandigarh",Indian Premier League,4,Gujarat Titans,Punjab Kings,Punjab Kings,field,Punjab Kings,,3,C Connolly,,male,T20
1527678,2026,2026-04-01,Lucknow,"Bharat Ratna Shri Atal Bihari Vajpayee Ekana Cricket Stadium, Lucknow",Indian Premier League,5,Lucknow Super Giants,Delhi Capitals,Delhi Capitals,field,Delhi Capitals,,6,Sameer Rizvi,,male,T20
1527679,2026,2026-04-02,Kolkata,"Eden Gardens, Kolkata",Indian Premier League,6,Sunrisers Hyderabad,Kolkata Knight Riders,Kolkata Knight Riders,field,Sunrisers Hyderabad,65,,Nithish Kumar Reddy,,male,T20
1527680,2026,2026-04-03,Chennai,"MA Chidambaram Stadium, Chepauk, Chennai",Indian Premier League,7,Chennai Super Kings,Punjab Kings,Punjab Kings,field,Punjab Kings,,5,Priyansh Arya,,male,T20
1527681,2026,2026-04-04,Delhi,"Arun Jaitley Stadium, Delhi",Indian Premier League,8,Mumbai Indians,Delhi Capitals,Delhi Capitals,field,Delhi Capitals,,6,Sameer Rizvi,,male,T20
1527682,2026,2026-04-04,Ahmedabad,"Narendra Modi Stadium, Ahmedabad",Indian Premier League,9,Rajasthan Royals,Gujarat Titans,Rajasthan Royals,bat,Rajasthan Royals,6,,Ravi Bishnoi,,male,T20
1527683,2026,2026-04-05,Hyderabad,"Rajiv Gandhi International Stadium, Uppal, Hyderabad",Indian Premier League,10,Sunrisers Hyderabad,Lucknow Super Giants,Lucknow Super Giants,field,Lucknow Super Giants,,5,Mohammed Shami,,male,T20
1527684,2026,2026-04-05,Bengaluru,"M Chinnaswamy Stadium, Bengaluru",Indian Premier League,11,Royal Challengers Bengaluru,Chennai Super Kings,Chennai Super Kings,field,Royal Challengers Bengaluru,43,,TH David,,male,T20
1527685,2026,2026-04-06,Kolkata,"Eden Gardens, Kolkata",Indian Premier League,12,Kolkata Knight Riders,Punjab Kings,Kolkata Knight Riders,bat,,,,,no result,male,T20
1527686,2026,2026-04-07,Guwahati,"Barsapara Cricket Stadium, Guwahati",Indian Premier League,13,Rajasthan Royals,Mumbai Indians,Mumbai Indians,field,Rajasthan Royals,27,,YBK Jaiswal,,male,T20
1527687,2026,2026-04-08,Delhi,"Arun Jaitley Stadium, Delhi",Indian Premier League,14,Gujarat Titans,Delhi Capitals,Delhi Capitals,field,Gujarat Titans,1,,Rashid Khan,,male,T20
1527688,2026,2026-04-09,Kolkata,"Eden Gardens, Kolkata",Indian Premier League,15,Kolkata Knight Riders,Lucknow Super Giants,Lucknow Super Giants,field,Lucknow Super Giants,,3,MD Choudhary,,male,T20
1527689,2026,2026-04-10,Guwahati,"Barsapara Cricket Stadium, Guwahati",Indian Premier League,16,Royal Challengers Bengaluru,Rajasthan Royals,Rajasthan Royals,field,Rajasthan Royals,,6,V Suryavanshi,,male,T20
1527690,2026,2026-04-11,New Chandigarh,"Maharaja Yadavindra Singh International Cricket Stadium, New Chandigarh",Indian Premier League,17,Sunrisers Hyderabad,Punjab Kings,Punjab Kings,field,Punjab Kings,,6,SS Iyer,,male,T20
1527691,2026,2026-04-11,Chennai,"MA Chidambaram Stadium, Chepauk, Chennai",Indian Premier League,18,Chennai Super Kings,Delhi Capitals,Delhi Capitals,field,Chennai Super Kings,23,,SV Samson,,male,T20
1527692,2026,2026-04-12,Lucknow,"Bharat Ratna Shri Atal Bihari Vajpayee Ekana Cricket Stadium, Lucknow",Indian Premier League,19,Lucknow Super Giants,Gujarat Titans,Gujarat Titans,field,Gujarat Titans,,7,M Prasidh Krishna,,male,T20
1527693,2026,2026-04-12,Mumbai,"Wankhede Stadium, Mumbai",Indian Premier League,20,Royal Challengers Bengaluru,Mumbai Indians,Mumbai Indians,field,Royal Challengers Bengaluru,18,,PD Salt,,male,T20
1529264,2026,2026-04-13,Hyderabad,"Rajiv Gandhi International Stadium, Uppal, Hyderabad",Indian Premier League,21,Sunrisers Hyderabad,Rajasthan Royals,Rajasthan Royals,field,Sunrisers Hyderabad,57,,PP Hinge,,male,T20
1529265,2026,2026-04-14,Chennai,"MA Chidambaram Stadium, Chepauk, Chennai",Indian Premier League,22,Chennai Super Kings,Kolkata Knight Riders,Kolkata Knight Riders,field,Chennai Super Kings,32,,Noor Ahmad,,male,T20
1529266,2026,2026-04-15,Bengaluru,"M Chinnaswamy Stadium, Bengaluru",Indian Premier League,23,Lucknow Super Giants,Royal Challengers Bengaluru,Royal Challengers Bengaluru,field,Royal Challengers Bengaluru,,5,JR Hazlewood,,male,T20
1529267,2026,2026-04-16,Mumbai,"Wankhede Stadium, Mumbai",Indian Premier League,24,Mumbai Indians,Punjab Kings,Punjab Kings,field,Punjab Kings,,7,Arshdeep Singh,,male,T20
1529268,2026,2026-04-17,Ahmedabad,"Narendra Modi Stadium, Ahmedabad",Indian Premier League,25,Kolkata Knight Riders,Gujarat Titans,Kolkata Knight Riders,bat,Gujarat Titans,,5,Shubman Gill,,male,T20
1529269,2026,2026-04-18,Bengaluru,"M Chinnaswamy Stadium, Bengaluru",Indian Premier League,26,Royal Challengers Bengaluru,Delhi Capitals,Delhi Capitals,field,Delhi Capitals,,6,T Stubbs,,male,T20
1529270,2026,2026-04-18,Hyderabad,"Rajiv Gandhi International Stadium, Uppal, Hyderabad",Indian Premier League,27,Sunrisers Hyderabad,Chennai Super Kings,Chennai Super Kings,field,Sunrisers Hyderabad,10,,E Malinga,,male,T20
1529271,2026,2026-04-19,Kolkata,"Eden Gardens, Kolkata",Indian Premier League,28,Rajasthan Royals,Kolkata Knight Riders,Rajasthan Royals,bat,Kolkata Knight Riders,,4,CV Varun,,male,T20
1529272,2026,2026-04-19,New Chandigarh,"Maharaja Yadavindra Singh International Cricket Stadium, New Chandigarh",Indian Premier League,29,Punjab Kings,Lucknow Super Giants,Lucknow Super Giants,field,Punjab Kings,54,,Priyansh Arya,,male,T20
1529273,2026,2026-04-20,Ahmedabad,"Narendra Modi Stadium, Ahmedabad",Indian Premier League,30,Mumbai Indians,Gujarat Titans,Gujarat Titans,field,Mumbai Indians,99,,Tilak Varma,,male,T20
1529274,2026,2026-04-21,Hyderabad,"Rajiv Gandhi International Stadium, Uppal, Hyderabad",Indian Premier League,31,Sunrisers Hyderabad,Delhi Capitals,Delhi Capitals,field,Sunrisers Hyderabad,47,,Abhishek Sharma,,male,T20
1529275,2026,2026-04-22,Lucknow,"Bharat Ratna Shri Atal Bihari Vajpayee Ekana Cricket Stadium, Lucknow",Indian Premier League,32,Rajasthan Royals,Lucknow Super Giants,Lucknow Super Giants,field,Rajasthan Royals,40,,RA Jadeja,,male,T20
1529276,2026,2026-04-23,Mumbai,"Wankhede Stadium, Mumbai",Indian Premier League,33,Chennai Super Kings,Mumbai Indians,Mumbai Indians,field,Chennai Super Kings,103,,SV Samson,,male,T20
1529277,2026,2026-04-24,Bengaluru,"M Chinnaswamy Stadium, Bengaluru",Indian Premier League,34,Gujarat Titans,Royal Challengers Bengaluru,Royal Challengers Bengaluru,field,Royal Challengers Bengaluru,,5,V Kohli,,male,T20
1529278,2026,2026-04-25,Delhi,"Arun Jaitley Stadium, Delhi",Indian Premier League,35,Delhi Capitals,Punjab Kings,Delhi Capitals,bat,Punjab Kings,,6,KL Rahul,,male,T20
1529279,2026,2026-04-25,Jaipur,"Sawai Mansingh Stadium, Jaipur",Indian Premier League,36,Rajasthan Royals,Sunrisers Hyderabad,Sunrisers Hyderabad,field,Sunrisers Hyderabad,,5,Ishan Kishan,,male,T20
1529280,2026,2026-04-26,Chennai,"MA Chidambaram Stadium, Chepauk, Chennai",Indian Premier League,37,Chennai Super Kings,Gujarat Titans,Gujarat Titans,field,Gujarat Titans,,8,K Rabada,,male,T20
1529281,2026,2026-04-26,Lucknow,"Bharat Ratna Shri Atal Bihari Vajpayee Ekana Cricket Stadium, Lucknow",Indian Premier League,38,Kolkata Knight Riders,Lucknow Super Giants,Lucknow Super Giants,field,,,,RK Singh,tie,male,T20
1529282,2026,2026-04-27,Delhi,"Arun Jaitley Stadium, Delhi",Indian Premier League,39,Delhi Capitals,Royal Challengers Bengaluru,Royal Challengers Bengaluru,field,Royal Challengers Bengaluru,,9,JR Hazlewood,,male,T20
1529283,2026,2026-04-28,New Chandigarh,"Maharaja Yadavindra Singh International Cricket Stadium, New Chandigarh",Indian Premier League,40,Punjab Kings,Rajasthan Royals,Rajasthan Royals,field,Rajasthan Royals,,6,D Ferreira,,male,T20
1529284,2026,2026-04-29,Mumbai,"Wankhede Stadium, Mumbai",Indian Premier League,41,Mumbai Indians,Sunrisers Hyderabad,Mumbai Indians,bat,Sunrisers Hyderabad,,6,H Klaasen,,male,T20
1529285,2026,2026-04-30,Ahmedabad,"Narendra Modi Stadium, Ahmedabad",Indian Premier League,42,Royal Challengers Bengaluru,Gujarat Titans,Gujarat Titans,field,Gujarat Titans,,4,JO Holder,,male,T20
1529286,2026,2026-05-01,Jaipur,"Sawai Mansingh Stadium, Jaipur",Indian Premier League,43,Rajasthan Royals,Delhi Capitals,Rajasthan Royals,bat,Delhi Capitals,,7,KL Rahul,,male,T20
1529287,2026,2026-05-02,Chennai,"MA Chidambaram Stadium, Chepauk, Chennai",Indian Premier League,44,Mumbai Indians,Chennai Super Kings,Mumbai Indians,bat,Chennai Super Kings,,8,RD Gaikwad,,male,T20
1529288,2026,2026-05-03,Hyderabad,"Rajiv Gandhi International Stadium, Uppal, Hyderabad",Indian Premier League,45,Sunrisers Hyderabad,Kolkata Knight Riders,Sunrisers Hyderabad,bat,Kolkata Knight Riders,,7,CV Varun,,male,T20
1529289,2026,2026-05-03,Ahmedabad,"Narendra Modi Stadium, Ahmedabad",Indian Premier League,46,Punjab Kings,Gujarat Titans,Gujarat Titans,field,Gujarat Titans,,4,JO Holder,,male,T20
1529290,2026,2026-05-04,Mumbai,"Wankhede Stadium, Mumbai",Indian Premier League,47,Lucknow Super Giants,Mumbai Indians,Mumbai Indians,field,Mumbai Indians,,6,RD Rickelton,,male,T20
1529291,2026,2026-05-05,Delhi,"Arun Jaitley Stadium, Delhi",Indian Premier League,48,Delhi Capitals,Chennai Super Kings,Delhi Capitals,bat,Chennai Super Kings,,8,SV Samson,,male,T20
1529292,2026,2026-05-06,Hyderabad,"Rajiv Gandhi International Stadium, Uppal, Hyderabad",Indian Premier League,49,Sunrisers Hyderabad,Punjab Kings,Punjab Kings,field,Sunrisers Hyderabad,33,,PJ Cummins,,male,T20
1529293,2026,2026-05-07,Lucknow,"Bharat Ratna Shri Atal Bihari Vajpayee Ekana Cricket Stadium, Lucknow",Indian Premier League,50,Lucknow Super Giants,Royal Challengers Bengaluru,Royal Challengers Bengaluru,field,Lucknow Super Giants,9,,MR Marsh,,male,T20
1529294,2026,2026-05-08,Delhi,"Arun Jaitley Stadium, Delhi",Indian Premier League,51,Delhi Capitals,Kolkata Knight Riders,Kolkata Knight Riders,field,Kolkata Knight Riders,,8,FH Allen,,male,T20
1529295,2026,2026-05-09,Jaipur,"Sawai Mansingh Stadium, Jaipur",Indian Premier League,52,Gujarat Titans,Rajasthan Royals,Rajasthan Royals,field,Gujarat Titans,77,,Rashid Khan,,male,T20
1529296,2026,2026-05-10,Chennai,"MA Chidambaram Stadium, Chepauk, Chennai",Indian Premier League,53,Lucknow Super Giants,Chennai Super Kings,Chennai Super Kings,field,Chennai Super Kings,,5,J Overton,,male,T20
1529297,2026,2026-05-10,Raipur,"Shaheed Veer Narayan Singh International Stadium, Raipur",Indian Premier League,54,Mumbai Indians,Royal Challengers Bengaluru,Royal Challengers Bengaluru,field,Royal Challengers Bengaluru,,2,B Kumar,,male,T20
1529298,2026,2026-05-11,Dharamsala,"Himachal Pradesh Cricket Association Stadium, Dharamsala",Indian Premier League,55,Punjab Kings,Delhi Capitals,Delhi Capitals,field,Delhi Capitals,,3,M Tiwari,,male,T20
1529299,2026,2026-05-12,Ahmedabad,"Narendra Modi Stadium, Ahmedabad",Indian Premier League,56,Gujarat Titans,Sunrisers Hyderabad,Sunrisers Hyderabad,field,Gujarat Titans,82,,K Rabada,,male,T20
1529300,2026,2026-05-13,Raipur,"Shaheed Veer Narayan Singh International Stadium, Raipur",Indian Premier League,57,Kolkata Knight Riders,Royal Challengers Bengaluru,Royal Challengers Bengaluru,field,Royal Challengers Bengaluru,,6,V Kohli,,male,T20
1529301,2026,2026-05-14,Dharamsala,"Himachal Pradesh Cricket Association Stadium, Dharamsala",Indian Premier League,58,Punjab Kings,Mumbai Indians,Mumbai Indians,field,Mumbai Indians,,6,Tilak Varma,,male,T20
1529302,2026,2026-05-15,Lucknow,"Bharat Ratna Shri Atal Bihari Vajpayee Ekana Cricket Stadium, Lucknow",Indian Premier League,59,Chennai Super Kings,Lucknow Super Giants,Lucknow Super Giants,field,Lucknow Super Giants,,7,MR Marsh,,male,T20
1529303,2026,2026-05-16,Kolkata,"Eden Gardens, Kolkata",Indian Premier League,60,Kolkata Knight Riders,Gujarat Titans,Gujarat Titans,field,Kolkata Knight Riders,29,,SP Narine,,male,T20
1529304,2026,2026-05-17,Dharamsala,"Himachal Pradesh Cricket Association Stadium, Dharamsala",Indian Premier League,61,Royal Challengers Bengaluru,Punjab Kings,Punjab Kings,field,Royal Challengers Bengaluru,23,,VR Iyer,,male,T20
1529305,2026,2026-05-17,Delhi,"Arun Jaitley Stadium, Delhi",Indian Premier League,62,Rajasthan Royals,Delhi Capitals,Delhi Capitals,field,Delhi Capitals,,5,MA Starc,,male,T20
1529306,2026,2026-05-18,Chennai,"MA Chidambaram Stadium, Chepauk, Chennai",Indian Premier League,63,Chennai Super Kings,Sunrisers Hyderabad,Chennai Super Kings,bat,Sunrisers Hyderabad,,5,Ishan Kishan,,male,T20
1529307,2026,2026-05-19,Jaipur,"Sawai Mansingh Stadium, Jaipur",Indian Premier League,64,Lucknow Super Giants,Rajasthan Royals,Rajasthan Royals,field,Rajasthan Royals,,7,V Suryavanshi,,male,T20
1529308,2026,2026-05-20,Kolkata,"Eden Gardens, Kolkata",Indian Premier League,65,Mumbai Indians,Kolkata Knight Riders,Kolkata Knight Riders,field,Kolkata Knight Riders,,4,MK Pandey,,male,T20
1529309,2026,2026-05-21,Ahmedabad,"Narendra Modi Stadium, Ahmedabad",Indian Premier League,66,Gujarat Titans,Chennai Super Kings,Chennai Super Kings,field,Gujarat Titans,89,,Mohammed Siraj,,male,T20
1529310,2026,2026-05-22,Hyderabad,"Rajiv Gandhi International Stadium, Uppal, Hyderabad",Indian Premier League,67,Sunrisers Hyderabad,Royal Challengers Bengaluru,Sunrisers Hyderabad,bat,Sunrisers Hyderabad,55,,Ishan Kishan,,male,T20
1529311,2026,2026-05-23,Lucknow,"Bharat Ratna Shri Atal Bihari Vajpayee Ekana Cricket Stadium, Lucknow",Indian Premier League,68,Lucknow Super Giants,Punjab Kings,Punjab Kings,field,Punjab Kings,,7,SS Iyer,,male,T20
1529312,2026,2026-05-24,Mumbai,"Wankhede Stadium, Mumbai",Indian Premier League,69,Rajasthan Royals,Mumbai Indians,Mumbai Indians,field,Rajasthan Royals,30,,JC Archer,,male,T20
1529313,2026,2026-05-24,Kolkata,"Eden Gardens, Kolkata",Indian Premier League,70,Delhi Capitals,Kolkata Knight Riders,Kolkata Knight Riders,field,Delhi Capitals,40,,Kuldeep Yadav,,male,T20
1535462,2026,2026-05-26,Dharamsala,"Himachal Pradesh Cricket Association Stadium, Dharamsala",Indian Premier League,,Royal Challengers Bengaluru,Gujarat Titans,Gujarat Titans,field,Royal Challengers Bengaluru,92,,RM Patidar,,male,T20
1535463,2026,2026-05-27,New Chandigarh,"Maharaja Yadavindra Singh International Cricket Stadium, New Chandigarh",Indian Premier League,,Rajasthan Royals,Sunrisers Hyderabad,Sunrisers Hyderabad,field,Rajasthan Royals,47,,V Suryavanshi,,male,T20
1535464,2026,2026-05-29,New Chandigarh,"Maharaja Yadavindra Singh International Cricket Stadium, New Chandigarh",Indian Premier League,,Rajasthan Royals,Gujarat Titans,Rajasthan Royals,bat,Gujarat Titans,,7,Shubman Gill,,male,T20
1535465,2026,2026-05-31,Ahmedabad,"Narendra Modi Stadium, Ahmedabad",Indian Premier League,,Gujarat Titans,Royal Challengers Bengaluru,Royal Challengers Bengaluru,field,Royal Challengers Bengaluru,,5,V Kohli,,male,T20
335982,2007/08,2008-04-18,Bangalore,M Chinnaswamy Stadium,Indian Premier League,1,Royal Challengers Bangalore,Kolkata Knight Riders,Royal Challengers Bangalore,field,Kolkata Knight Riders,140,,BB McCullum,,male,T20
335983,2007/08,2008-04-19,Chandigarh,"Punjab Cricket Association Stadium, Mohali",Indian Premier League,2,Kings XI Punjab,Chennai Super Kings,Chennai Super Kings,bat,Chennai Super Kings,33,,MEK Hussey,,male,T20
335984,2007/08,2008-04-19,Delhi,Feroz Shah Kotla,Indian Premier League,3,Delhi Daredevils,Rajasthan Royals,Rajasthan Royals,bat,Delhi Daredevils,,9,MF Maharoof,,male,T20
335985,2007/08,2008-04-20,Mumbai,Wankhede Stadium,Indian Premier League,5,Mumbai Indians,Royal Challengers Bangalore,Mumbai Indians,bat,Royal Challengers Bangalore,,5,MV Boucher,,male,T20
335986,2007/08,2008-04-20,Kolkata,Eden Gardens,Indian Premier League,4,Kolkata Knight Riders,Deccan Chargers,Deccan Chargers,bat,Kolkata Knight Riders,,5,DJ Hussey,,male,T20
335987,2007/08,2008-04-21,Jaipur,Sawai Mansingh Stadium,Indian Premier League,6,Rajasthan Royals,Kings XI Punjab,Kings XI Punjab,bat,Rajasthan Royals,,6,SR Watson,,male,T20
335988,2007/08,2008-04-22,Hyderabad,"Rajiv Gandhi International Stadium, Uppal",Indian Premier League,7,Deccan Chargers,Delhi Daredevils,Deccan Chargers,bat,Delhi Daredevils,,9,V Sehwag,,male,T20
335989,2007/08,2008-04-23,Chennai,"MA Chidambaram Stadium, Chepauk",Indian Premier League,8,Chennai Super Kings,Mumbai Indians,Mumbai Indians,field,Chennai Super Kings,6,,ML Hayden,,male,T20
335990,2007/08,2008-04-24,Hyderabad,"Rajiv Gandhi International Stadium, Uppal",Indian Premier League,9,Deccan Chargers,Rajasthan Royals,Rajasthan Royals,field,Rajasthan Royals,,3,YK Pathan,,male,T20
335991,2007/08,2008-04-25,Chandigarh,"Punjab Cricket Association Stadium, Mohali",Indian Premier League,10,Kings XI Punjab,Mumbai Indians,Mumbai Indians,field,Kings XI Punjab,66,,KC Sangakkara,,male,T20
335992,2007/08,2008-04-26,Bangalore,M Chinnaswamy Stadium,Indian Premier League,12,Royal Challengers Bangalore,Rajasthan Royals,Rajasthan Royals,field,Rajasthan Royals,,7,SR Watson,,male,T20
335993,2007/08,2008-04-26,Chennai,"MA Chidambaram Stadium, Chepauk",Indian Premier League,11,Chennai Super Kings,Kolkata Knight Riders,Kolkata Knight Riders,bat,Chennai Super Kings,,9,JDP Oram,,male,T20
335994,2007/08,2008-04-27,Mumbai,Dr DY Patil Sports Academy,Indian Premier League,14,Mumbai Indians,Deccan Chargers,Deccan Chargers,field,Deccan Chargers,,10,AC Gilchrist,,male,T20
335995,2007/08,2008-04-27,Chandigarh,"Punjab Cricket Association Stadium, Mohali",Indian Premier League,13,Kings XI Punjab,Delhi Daredevils,Delhi Daredevils,bat,Kings XI Punjab,,4,SM Katich,,male,T20
335996,2007/08,2008-04-28,Bangalore,M Chinnaswamy Stadium,Indian Premier League,15,Royal Challengers Bangalore,Chennai Super Kings,Chennai Super Kings,bat,Chennai Super Kings,13,,MS Dhoni,,male,T20
335997,2007/08,2008-04-29,Kolkata,Eden Gardens,Indian Premier League,16,Kolkata Knight Riders,Mumbai Indians,Kolkata Knight Riders,bat,Mumbai Indians,,7,ST Jayasuriya,,male,T20
335998,2007/08,2008-04-30,Delhi,Feroz Shah Kotla,Indian Premier League,17,Delhi Daredevils,Royal Challengers Bangalore,Royal Challengers Bangalore,field,Delhi Daredevils,10,,GD McGrath,,male,T20
335999,2007/08,2008-05-01,Hyderabad,"Rajiv Gandhi International Stadium, Uppal",Indian Premier League,19,Deccan Chargers,Kings XI Punjab,Kings XI Punjab,field,Kings XI Punjab,,7,SE Marsh,,male,T20
336000,2007/08,2008-05-01,Jaipur,Sawai Mansingh Stadium,Indian Premier League,18,Rajasthan Royals,Kolkata Knight Riders,Rajasthan Royals,bat,Rajasthan Royals,45,,SA Asnodkar,,male,T20
336001,2007/08,2008-05-02,Chennai,"MA Chidambaram Stadium, Chepauk",Indian Premier League,20,Chennai Super Kings,Delhi Daredevils,Chennai Super Kings,bat,Delhi Daredevils,,8,V Sehwag,,male,T20
336002,2007/08,2008-05-25,Hyderabad,"Rajiv Gandhi International Stadium, Uppal",Indian Premier League,51,Deccan Chargers,Royal Challengers Bangalore,Deccan Chargers,bat,Royal Challengers Bangalore,,5,R Vinay Kumar,,male,T20
336003,2007/08,2008-05-03,Chandigarh,"Punjab Cricket Association Stadium, Mohali",Indian Premier League,22,Kings XI Punjab,Kolkata Knight Riders,Kings XI Punjab,bat,Kings XI Punjab,9,,IK Pathan,,male,T20
336004,2007/08,2008-05-04,Mumbai,Dr DY Patil Sports Academy,Indian Premier League,23,Mumbai Indians,Delhi Daredevils,Delhi Daredevils,field,Mumbai Indians,29,,SM Pollock,,male,T20
336005,2007/08,2008-05-04,Jaipur,Sawai Mansingh Stadium,Indian Premier League,24,Rajasthan Royals,Chennai Super Kings,Chennai Super Kings,bat,Rajasthan Royals,,8,Sohail Tanvir,,male,T20
336006,2007/08,2008-05-05,Bangalore,M Chinnaswamy Stadium,Indian Premier League,25,Royal Challengers Bangalore,Kings XI Punjab,Kings XI Punjab,field,Kings XI Punjab,,6,S Sreesanth,,male,T20
336007,2007/08,2008-05-06,Chennai,"MA Chidambaram Stadium, Chepauk",Indian Premier League,26,Chennai Super Kings,Deccan Chargers,Deccan Chargers,field,Deccan Chargers,,7,AC Gilchrist,,male,T20
336008,2007/08,2008-05-07,Mumbai,Dr DY Patil Sports Academy,Indian Premier League,27,Mumbai Indians,Rajasthan Royals,Mumbai Indians,field,Mumbai Indians,,7,A Nehra,,male,T20
336009,2007/08,2008-05-08,Delhi,Feroz Shah Kotla,Indian Premier League,28,Delhi Daredevils,Chennai Super Kings,Chennai Super Kings,field,Chennai Super Kings,,4,MS Dhoni,,male,T20
336010,2007/08,2008-05-08,Kolkata,Eden Gardens,Indian Premier League,29,Kolkata Knight Riders,Royal Challengers Bangalore,Kolkata Knight Riders,bat,Kolkata Knight Riders,5,,SC Ganguly,,male,T20
336011,2007/08,2008-05-09,Jaipur,Sawai Mansingh Stadium,Indian Premier League,30,Rajasthan Royals,Deccan Chargers,Rajasthan Royals,field,Rajasthan Royals,,8,YK Pathan,,male,T20
336012,2007/08,2008-05-28,Bangalore,M Chinnaswamy Stadium,Indian Premier League,55,Royal Challengers Bangalore,Mumbai Indians,Mumbai Indians,field,Mumbai Indians,,9,CRD Fernando,,male,T20
336013,2007/08,2008-05-10,Chennai,"MA Chidambaram Stadium, Chepauk",Indian Premier League,31,Chennai Super Kings,Kings XI Punjab,Kings XI Punjab,field,Chennai Super Kings,18,,L Balaji,,male,T20
336014,2007/08,2008-05-11,Hyderabad,"Rajiv Gandhi International Stadium, Uppal",Indian Premier League,32,Deccan Chargers,Kolkata Knight Riders,Kolkata Knight Riders,bat,Kolkata Knight Riders,23,,SC Ganguly,,male,T20
336015,2007/08,2008-05-11,Jaipur,Sawai Mansingh Stadium,Indian Premier League,33,Rajasthan Royals,Delhi Daredevils,Rajasthan Royals,field,Rajasthan Royals,,3,SR Watson,,male,T20
336016,2007/08,2008-05-12,Chandigarh,"Punjab Cricket Association Stadium, Mohali",Indian Premier League,34,Kings XI Punjab,Royal Challengers Bangalore,Royal Challengers Bangalore,bat,Kings XI Punjab,,9,SE Marsh,,male,T20
336017,2007/08,2008-05-13,Kolkata,Eden Gardens,Indian Premier League,35,Kolkata Knight Riders,Delhi Daredevils,Kolkata Knight Riders,bat,Kolkata Knight Riders,23,,Shoaib Akhtar,,male,T20
336018,2007/08,2008-05-14,Mumbai,Wankhede Stadium,Indian Premier League,36,Mumbai Indians,Chennai Super Kings,Mumbai Indians,field,Mumbai Indians,,9,ST Jayasuriya,,male,T20
336019,2007/08,2008-05-28,Chandigarh,"Punjab Cricket Association Stadium, Mohali",Indian Premier League,56,Kings XI Punjab,Rajasthan Royals,Rajasthan Royals,field,Kings XI Punjab,41,,SE Marsh,,male,T20
336020,2007/08,2008-05-15,Delhi,Feroz Shah Kotla,Indian Premier League,37,Delhi Daredevils,Deccan Chargers,Deccan Chargers,field,Delhi Daredevils,12,,A Mishra,,male,T20
336021,2007/08,2008-05-16,Mumbai,Wankhede Stadium,Indian Premier League,38,Mumbai Indians,Kolkata Knight Riders,Mumbai Indians,field,Mumbai Indians,,8,SM Pollock,,male,T20
336022,2007/08,2008-05-17,Delhi,Feroz Shah Kotla,Indian Premier League,40,Delhi Daredevils,Kings XI Punjab,Delhi Daredevils,bat,Kings XI Punjab,6,,DPMD Jayawardene,,male,T20
336023,2007/08,2008-05-17,Jaipur,Sawai Mansingh Stadium,Indian Premier League,39,Rajasthan Royals,Royal Challengers Bangalore,Royal Challengers Bangalore,field,Rajasthan Royals,65,,GC Smith,,male,T20
336024,2007/08,2008-05-18,Hyderabad,"Rajiv Gandhi International Stadium, Uppal",Indian Premier League,42,Deccan Chargers,Mumbai Indians,Deccan Chargers,field,Mumbai Indians,25,,DJ Bravo,,male,T20
336025,2007/08,2008-05-18,Kolkata,Eden Gardens,Indian Premier League,41,Kolkata Knight Riders,Chennai Super Kings,Kolkata Knight Riders,bat,Chennai Super Kings,3,,M Ntini,,male,T20
336026,2007/08,2008-05-19,Bangalore,M Chinnaswamy Stadium,Indian Premier League,43,Royal Challengers Bangalore,Delhi Daredevils,Delhi Daredevils,field,Delhi Daredevils,,5,SP Goswami,,male,T20
336027,2007/08,2008-05-20,Kolkata,Eden Gardens,Indian Premier League,44,Kolkata Knight Riders,Rajasthan Royals,Rajasthan Royals,field,Rajasthan Royals,,6,YK Pathan,,male,T20
336028,2007/08,2008-05-21,Mumbai,Wankhede Stadium,Indian Premier League,45,Mumbai Indians,Kings XI Punjab,Mumbai Indians,field,Kings XI Punjab,1,,SE Marsh,,male,T20
336029,2007/08,2008-05-21,Chennai,"MA Chidambaram Stadium, Chepauk",Indian Premier League,46,Chennai Super Kings,Royal Challengers Bangalore,Royal Challengers Bangalore,bat,Royal Challengers Bangalore,14,,A Kumble,,male,T20
336031,2007/08,2008-05-23,Chandigarh,"Punjab Cricket Association Stadium, Mohali",Indian Premier League,48,Kings XI Punjab,Deccan Chargers,Kings XI Punjab,field,Kings XI Punjab,,6,SE Marsh,,male,T20
336032,2007/08,2008-05-24,Delhi,Feroz Shah Kotla,Indian Premier League,50,Delhi Daredevils,Mumbai Indians,Delhi Daredevils,field,Delhi Daredevils,,5,KD Karthik,,male,T20
336033,2007/08,2008-05-24,Chennai,"MA Chidambaram Stadium, Chepauk",Indian Premier League,49,Chennai Super Kings,Rajasthan Royals,Rajasthan Royals,bat,Rajasthan Royals,10,,JA Morkel,,male,T20
336034,2007/08,2008-05-03,Bangalore,M Chinnaswamy Stadium,Indian Premier League,21,Royal Challengers Bangalore,Deccan Chargers,Deccan Chargers,field,Royal Challengers Bangalore,3,,P Kumar,,male,T20
336035,2007/08,2008-05-25,Kolkata,Eden Gardens,Indian Premier League,52,Kolkata Knight Riders,Kings XI Punjab,Kings XI Punjab,bat,Kolkata Knight Riders,,3,Umar Gul,,male,T20
336036,2007/08,2008-05-26,Jaipur,Sawai Mansingh Stadium,Indian Premier League,53,Rajasthan Royals,Mumbai Indians,Rajasthan Royals,field,Rajasthan Royals,,5,Sohail Tanvir,,male,T20
336037,2007/08,2008-05-27,Hyderabad,"Rajiv Gandhi International Stadium, Uppal",Indian Premier League,54,Deccan Chargers,Chennai Super Kings,Deccan Chargers,bat,Chennai Super Kings,,7,SK Raina,,male,T20
336038,2007/08,2008-05-30,Mumbai,Wankhede Stadium,Indian Premier League,,Delhi Daredevils,Rajasthan Royals,Delhi Daredevils,field,Rajasthan Royals,105,,SR Watson,,male,T20
336039,2007/08,2008-05-31,Mumbai,Wankhede Stadium,Indian Premier League,,Chennai Super Kings,Kings XI Punjab,Kings XI Punjab,bat,Chennai Super Kings,,9,M Ntini,,male,T20
336040,2007/08,2008-06-01,Mumbai,Dr DY Patil Sports Academy,Indian Premier League,,Chennai Super Kings,Rajasthan Royals,Rajasthan Royals,field,Rajasthan Royals,,3,YK Pathan,,male,T20
392181,2009,2009-04-18,Cape Town,Newlands,Indian Premier League,1,Chennai Super Kings,Mumbai Indians,Chennai Super Kings,field,Mumbai Indians,19,,SR Tendulkar,,male,T20
392182,2009,2009-04-18,Cape Town,Newlands,Indian Premier League,2,Royal Challengers Bangalore,Rajasthan Royals,Royal Challengers Bangalore,bat,Royal Challengers Bangalore,75,,R Dravid,,male,T20
392183,2009,2009-04-19,Cape Town,Newlands,Indian Premier League,3,Delhi Daredevils,Kings XI Punjab,Delhi Daredevils,field,Delhi Daredevils,,10,DL Vettori,,male,T20
392184,2009,2009-04-19,Cape Town,Newlands,Indian Premier League,4,Deccan Chargers,Kolkata Knight Riders,Kolkata Knight Riders,bat,Deccan Chargers,,8,RP Singh,,male,T20
392185,2009,2009-04-20,Port Elizabeth,St George's Park,Indian Premier League,5,Royal Challengers Bangalore,Chennai Super Kings,Chennai Super Kings,bat,Chennai Super Kings,92,,M Muralitharan,,male,T20
392186,2009,2009-04-21,Durban,Kingsmead,Indian Premier League,6,Kings XI Punjab,Kolkata Knight Riders,Kolkata Knight Riders,field,Kolkata Knight Riders,11,,CH Gayle,,male,T20
392188,2009,2009-04-22,Cape Town,Newlands,Indian Premier League,8,Royal Challengers Bangalore,Deccan Chargers,Deccan Chargers,bat,Deccan Chargers,24,,AC Gilchrist,,male,T20
392189,2009,2009-04-23,Durban,Kingsmead,Indian Premier League,9,Chennai Super Kings,Delhi Daredevils,Delhi Daredevils,bat,Delhi Daredevils,9,,AB de Villiers,,male,T20
392190,2009,2009-04-23,Cape Town,Newlands,Indian Premier League,10,Kolkata Knight Riders,Rajasthan Royals,Kolkata Knight Riders,field,,,,YK Pathan,tie,male,T20
392191,2009,2009-04-24,Durban,Kingsmead,Indian Premier League,11,Royal Challengers Bangalore,Kings XI Punjab,Royal Challengers Bangalore,bat,Kings XI Punjab,,7,RS Bopara,,male,T20
392192,2009,2009-04-25,Durban,Kingsmead,Indian Premier League,12,Deccan Chargers,Mumbai Indians,Deccan Chargers,bat,Deccan Chargers,12,,PP Ojha,,male,T20
392194,2009,2009-04-26,Port Elizabeth,St George's Park,Indian Premier League,14,Royal Challengers Bangalore,Delhi Daredevils,Royal Challengers Bangalore,bat,Delhi Daredevils,,6,TM Dilshan,,male,T20
392195,2009,2009-04-26,Cape Town,Newlands,Indian Premier League,15,Kings XI Punjab,Rajasthan Royals,Kings XI Punjab,bat,Kings XI Punjab,27,,KC Sangakkara,,male,T20
392196,2009,2009-04-27,Durban,Kingsmead,Indian Premier League,16,Chennai Super Kings,Deccan Chargers,Deccan Chargers,field,Deccan Chargers,,6,HH Gibbs,,male,T20
392197,2009,2009-04-27,Port Elizabeth,St George's Park,Indian Premier League,17,Kolkata Knight Riders,Mumbai Indians,Mumbai Indians,bat,Mumbai Indians,92,,SR Tendulkar,,male,T20
392198,2009,2009-04-28,Centurion,SuperSport Park,Indian Premier League,18,Delhi Daredevils,Rajasthan Royals,Delhi Daredevils,bat,Rajasthan Royals,,5,YK Pathan,,male,T20
392199,2009,2009-04-29,Durban,Kingsmead,Indian Premier League,19,Royal Challengers Bangalore,Kolkata Knight Riders,Kolkata Knight Riders,bat,Royal Challengers Bangalore,,5,MV Boucher,,male,T20
392200,2009,2009-04-29,Durban,Kingsmead,Indian Premier League,20,Kings XI Punjab,Mumbai Indians,Kings XI Punjab,bat,Kings XI Punjab,3,,KC Sangakkara,,male,T20
392201,2009,2009-04-30,Centurion,SuperSport Park,Indian Premier League,21,Deccan Chargers,Delhi Daredevils,Delhi Daredevils,field,Delhi Daredevils,,6,DP Nannes,,male,T20
392202,2009,2009-04-30,Centurion,SuperSport Park,Indian Premier League,22,Chennai Super Kings,Rajasthan Royals,Rajasthan Royals,field,Chennai Super Kings,38,,SK Raina,,male,T20
392203,2009,2009-05-01,East London,Buffalo Park,Indian Premier League,23,Kolkata Knight Riders,Mumbai Indians,Mumbai Indians,bat,Mumbai Indians,9,,JP Duminy,,male,T20
392204,2009,2009-05-01,Durban,Kingsmead,Indian Premier League,24,Royal Challengers Bangalore,Kings XI Punjab,Royal Challengers Bangalore,bat,Royal Challengers Bangalore,8,,Yuvraj Singh,,male,T20
392205,2009,2009-05-02,Port Elizabeth,St George's Park,Indian Premier League,25,Deccan Chargers,Rajasthan Royals,Deccan Chargers,bat,Rajasthan Royals,,3,YK Pathan,,male,T20
392206,2009,2009-05-02,Johannesburg,New Wanderers Stadium,Indian Premier League,26,Chennai Super Kings,Delhi Daredevils,Delhi Daredevils,field,Chennai Super Kings,18,,SB Jakati,,male,T20
392207,2009,2009-05-03,Port Elizabeth,St George's Park,Indian Premier League,27,Kings XI Punjab,Kolkata Knight Riders,Kolkata Knight Riders,bat,Kings XI Punjab,,6,DPMD Jayawardene,,male,T20
392208,2009,2009-05-03,Johannesburg,New Wanderers Stadium,Indian Premier League,28,Royal Challengers Bangalore,Mumbai Indians,Mumbai Indians,bat,Royal Challengers Bangalore,,9,JH Kallis,,male,T20
392209,2009,2009-05-04,East London,Buffalo Park,Indian Premier League,29,Chennai Super Kings,Deccan Chargers,Chennai Super Kings,bat,Chennai Super Kings,78,,MS Dhoni,,male,T20
392210,2009,2009-05-05,Durban,Kingsmead,Indian Premier League,30,Kings XI Punjab,Rajasthan Royals,Kings XI Punjab,field,Rajasthan Royals,78,,GC Smith,,male,T20
392211,2009,2009-05-05,Durban,Kingsmead,Indian Premier League,31,Delhi Daredevils,Kolkata Knight Riders,Kolkata Knight Riders,bat,Delhi Daredevils,,9,G Gambhir,,male,T20
392212,2009,2009-05-06,Centurion,SuperSport Park,Indian Premier League,32,Deccan Chargers,Mumbai Indians,Deccan Chargers,bat,Deccan Chargers,19,,RG Sharma,,male,T20
392213,2009,2009-05-07,Centurion,SuperSport Park,Indian Premier League,33,Royal Challengers Bangalore,Rajasthan Royals,Rajasthan Royals,field,Rajasthan Royals,,7,A Singh,,male,T20
392214,2009,2009-05-07,Centurion,SuperSport Park,Indian Premier League,34,Chennai Super Kings,Kings XI Punjab,Chennai Super Kings,bat,Chennai Super Kings,12,,ML Hayden,,male,T20
392215,2009,2009-05-08,East London,Buffalo Park,Indian Premier League,35,Delhi Daredevils,Mumbai Indians,Mumbai Indians,bat,Delhi Daredevils,,7,A Nehra,,male,T20
392216,2009,2009-05-09,Kimberley,De Beers Diamond Oval,Indian Premier League,36,Deccan Chargers,Kings XI Punjab,Kings XI Punjab,field,Kings XI Punjab,,3,DPMD Jayawardene,,male,T20
392217,2009,2009-05-09,Kimberley,De Beers Diamond Oval,Indian Premier League,37,Chennai Super Kings,Rajasthan Royals,Rajasthan Royals,bat,Chennai Super Kings,,7,S Badrinath,,male,T20
392218,2009,2009-05-10,Port Elizabeth,St George's Park,Indian Premier League,38,Royal Challengers Bangalore,Mumbai Indians,Mumbai Indians,bat,Mumbai Indians,16,,JP Duminy,,male,T20
392219,2009,2009-05-10,Johannesburg,New Wanderers Stadium,Indian Premier League,39,Delhi Daredevils,Kolkata Knight Riders,Delhi Daredevils,field,Delhi Daredevils,,7,A Mishra,,male,T20
392220,2009,2009-05-11,Kimberley,De Beers Diamond Oval,Indian Premier League,40,Deccan Chargers,Rajasthan Royals,Deccan Chargers,bat,Deccan Chargers,53,,DR Smith,,male,T20
392221,2009,2009-05-12,Centurion,SuperSport Park,Indian Premier League,41,Royal Challengers Bangalore,Kolkata Knight Riders,Royal Challengers Bangalore,field,Royal Challengers Bangalore,,6,LRPL Taylor,,male,T20
392222,2009,2009-05-12,Centurion,SuperSport Park,Indian Premier League,42,Kings XI Punjab,Mumbai Indians,Kings XI Punjab,bat,Mumbai Indians,,8,Harbhajan Singh,,male,T20
392223,2009,2009-05-13,Durban,Kingsmead,Indian Premier League,43,Deccan Chargers,Delhi Daredevils,Deccan Chargers,field,Delhi Daredevils,12,,R Bhatia,,male,T20
392224,2009,2009-05-14,Durban,Kingsmead,Indian Premier League,44,Royal Challengers Bangalore,Chennai Super Kings,Chennai Super Kings,bat,Royal Challengers Bangalore,,2,LRPL Taylor,,male,T20
392225,2009,2009-05-14,Durban,Kingsmead,Indian Premier League,45,Mumbai Indians,Rajasthan Royals,Rajasthan Royals,bat,Rajasthan Royals,2,,SK Warne,,male,T20
392226,2009,2009-05-15,Bloemfontein,OUTsurance Oval,Indian Premier League,46,Delhi Daredevils,Kings XI Punjab,Kings XI Punjab,field,Kings XI Punjab,,6,B Lee,,male,T20
392227,2009,2009-05-16,Port Elizabeth,St George's Park,Indian Premier League,47,Chennai Super Kings,Mumbai Indians,Mumbai Indians,bat,Chennai Super Kings,,7,ML Hayden,,male,T20
392228,2009,2009-05-16,Johannesburg,New Wanderers Stadium,Indian Premier League,48,Deccan Chargers,Kolkata Knight Riders,Deccan Chargers,field,Deccan Chargers,,6,RG Sharma,,male,T20
392229,2009,2009-05-17,Johannesburg,New Wanderers Stadium,Indian Premier League,49,Deccan Chargers,Kings XI Punjab,Deccan Chargers,field,Kings XI Punjab,1,,Yuvraj Singh,,male,T20
392230,2009,2009-05-17,Bloemfontein,OUTsurance Oval,Indian Premier League,50,Delhi Daredevils,Rajasthan Royals,Delhi Daredevils,bat,Delhi Daredevils,14,,AB de Villiers,,male,T20
392231,2009,2009-05-18,Centurion,SuperSport Park,Indian Premier League,51,Chennai Super Kings,Kolkata Knight Riders,Chennai Super Kings,bat,Kolkata Knight Riders,,7,BJ Hodge,,male,T20
392232,2009,2009-05-19,Johannesburg,New Wanderers Stadium,Indian Premier League,52,Royal Challengers Bangalore,Delhi Daredevils,Delhi Daredevils,bat,Royal Challengers Bangalore,,7,JH Kallis,,male,T20
392233,2009,2009-05-20,Durban,Kingsmead,Indian Premier League,53,Kolkata Knight Riders,Rajasthan Royals,Kolkata Knight Riders,field,Kolkata Knight Riders,,4,LR Shukla,,male,T20
392234,2009,2009-05-20,Durban,Kingsmead,Indian Premier League,54,Chennai Super Kings,Kings XI Punjab,Chennai Super Kings,bat,Chennai Super Kings,24,,M Muralitharan,,male,T20
392235,2009,2009-05-21,Centurion,SuperSport Park,Indian Premier League,55,Delhi Daredevils,Mumbai Indians,Delhi Daredevils,field,Delhi Daredevils,,4,V Sehwag,,male,T20
392236,2009,2009-05-21,Centurion,SuperSport Park,Indian Premier League,56,Royal Challengers Bangalore,Deccan Chargers,Royal Challengers Bangalore,bat,Royal Challengers Bangalore,12,,MK Pandey,,male,T20
392237,2009,2009-05-22,Centurion,SuperSport Park,Indian Premier League,,Delhi Daredevils,Deccan Chargers,Deccan Chargers,field,Deccan Chargers,,6,AC Gilchrist,,male,T20
392238,2009,2009-05-23,Johannesburg,New Wanderers Stadium,Indian Premier League,,Royal Challengers Bangalore,Chennai Super Kings,Royal Challengers Bangalore,field,Royal Challengers Bangalore,,6,MK Pandey,,male,T20
392239,2009,2009-05-24,Johannesburg,New Wanderers Stadium,Indian Premier League,,Royal Challengers Bangalore,Deccan Chargers,Royal Challengers Bangalore,field,Deccan Chargers,6,,A Kumble,,male,T20
419106,2009/10,2010-03-12,Mumbai,Dr DY Patil Sports Academy,Indian Premier League,1,Deccan Chargers,Kolkata Knight Riders,Deccan Chargers,field,Kolkata Knight Riders,11,,AD Mathews,,male,T20
419107,2009/10,2010-03-13,Mumbai,Brabourne Stadium,Indian Premier League,2,Mumbai Indians,Rajasthan Royals,Mumbai Indians,bat,Mumbai Indians,4,,YK Pathan,,male,T20
419108,2009/10,2010-03-13,Chandigarh,"Punjab Cricket Association Stadium, Mohali",Indian Premier League,3,Kings XI Punjab,Delhi Daredevils,Delhi Daredevils,field,Delhi Daredevils,,5,G Gambhir,,male,T20
419109,2009/10,2010-03-14,Kolkata,Eden Gardens,Indian Premier League,4,Kolkata Knight Riders,Royal Challengers Bangalore,Kolkata Knight Riders,field,Kolkata Knight Riders,,7,MK Tiwary,,male,T20
419110,2009/10,2010-03-14,Chennai,"MA Chidambaram Stadium, Chepauk",Indian Premier League,5,Chennai Super Kings,Deccan Chargers,Deccan Chargers,bat,Deccan Chargers,31,,WPUJC Vaas,,male,T20
419111,2009/10,2010-03-15,Ahmedabad,"Sardar Patel Stadium, Motera",Indian Premier League,6,Rajasthan Royals,Delhi Daredevils,Delhi Daredevils,field,Delhi Daredevils,,6,V Sehwag,,male,T20
419112,2009/10,2010-03-16,Bangalore,M Chinnaswamy Stadium,Indian Premier League,7,Royal Challengers Bangalore,Kings XI Punjab,Kings XI Punjab,bat,Royal Challengers Bangalore,,8,JH Kallis,,male,T20
419113,2009/10,2010-03-16,Kolkata,Eden Gardens,Indian Premier League,8,Kolkata Knight Riders,Chennai Super Kings,Chennai Super Kings,bat,Chennai Super Kings,55,,MS Dhoni,,male,T20
419114,2009/10,2010-03-17,Delhi,Feroz Shah Kotla,Indian Premier League,9,Delhi Daredevils,Mumbai Indians,Delhi Daredevils,field,Mumbai Indians,98,,SR Tendulkar,,male,T20
419115,2009/10,2010-03-18,Bangalore,M Chinnaswamy Stadium,Indian Premier League,10,Royal Challengers Bangalore,Rajasthan Royals,Royal Challengers Bangalore,field,Royal Challengers Bangalore,,10,JH Kallis,,male,T20
419116,2009/10,2010-03-19,Delhi,Feroz Shah Kotla,Indian Premier League,11,Delhi Daredevils,Chennai Super Kings,Delhi Daredevils,bat,Chennai Super Kings,,5,ML Hayden,,male,T20
419117,2009/10,2010-03-19,Cuttack,Barabati Stadium,Indian Premier League,12,Deccan Chargers,Kings XI Punjab,Kings XI Punjab,field,Deccan Chargers,6,,A Symonds,,male,T20
419118,2009/10,2010-03-20,Ahmedabad,"Sardar Patel Stadium, Motera",Indian Premier League,13,Rajasthan Royals,Kolkata Knight Riders,Rajasthan Royals,bat,Rajasthan Royals,34,,AA Jhunjhunwala,,male,T20
419119,2009/10,2010-03-20,Mumbai,Brabourne Stadium,Indian Premier League,14,Mumbai Indians,Royal Challengers Bangalore,Mumbai Indians,bat,Royal Challengers Bangalore,,7,JH Kallis,,male,T20
419120,2009/10,2010-03-21,Cuttack,Barabati Stadium,Indian Premier League,15,Deccan Chargers,Delhi Daredevils,Deccan Chargers,bat,Deccan Chargers,10,,A Symonds,,male,T20
419121,2009/10,2010-03-21,Chennai,"MA Chidambaram Stadium, Chepauk",Indian Premier League,16,Chennai Super Kings,Kings XI Punjab,Chennai Super Kings,field,,,,J Theron,tie,male,T20
419122,2009/10,2010-03-22,Mumbai,Brabourne Stadium,Indian Premier League,17,Mumbai Indians,Kolkata Knight Riders,Kolkata Knight Riders,bat,Mumbai Indians,,7,SR Tendulkar,,male,T20
419123,2009/10,2010-03-23,Bangalore,M Chinnaswamy Stadium,Indian Premier League,18,Royal Challengers Bangalore,Chennai Super Kings,Chennai Super Kings,field,Royal Challengers Bangalore,36,,RV Uthappa,,male,T20
419124,2009/10,2010-03-24,Chandigarh,"Punjab Cricket Association Stadium, Mohali",Indian Premier League,19,Kings XI Punjab,Rajasthan Royals,Kings XI Punjab,field,Rajasthan Royals,31,,AC Voges,,male,T20
419125,2009/10,2010-03-25,Mumbai,"Brabourne Stadium, Mumbai",Indian Premier League,21,Chennai Super Kings,Mumbai Indians,Mumbai Indians,field,Mumbai Indians,,5,SR Tendulkar,,male,T20
419126,2009/10,2010-03-26,Ahmedabad,"Sardar Patel Stadium, Motera",Indian Premier League,22,Rajasthan Royals,Deccan Chargers,Deccan Chargers,bat,Rajasthan Royals,,8,YK Pathan,,male,T20
419127,2009/10,2010-03-27,Chandigarh,"Punjab Cricket Association Stadium, Mohali",Indian Premier League,23,Kings XI Punjab,Kolkata Knight Riders,Kolkata Knight Riders,bat,Kolkata Knight Riders,39,,MK Tiwary,,male,T20
419128,2009/10,2010-03-25,Bangalore,M Chinnaswamy Stadium,Indian Premier League,20,Royal Challengers Bangalore,Delhi Daredevils,Royal Challengers Bangalore,field,Delhi Daredevils,17,,KM Jadhav,,male,T20
419129,2009/10,2010-03-28,Ahmedabad,"Sardar Patel Stadium, Motera",Indian Premier League,24,Rajasthan Royals,Chennai Super Kings,Rajasthan Royals,bat,Rajasthan Royals,17,,NV Ojha,,male,T20
419130,2009/10,2010-03-28,Mumbai,Dr DY Patil Sports Academy,Indian Premier League,25,Deccan Chargers,Mumbai Indians,Deccan Chargers,field,Mumbai Indians,41,,Harbhajan Singh,,male,T20
419131,2009/10,2010-03-29,Delhi,Feroz Shah Kotla,Indian Premier League,26,Delhi Daredevils,Kolkata Knight Riders,Delhi Daredevils,bat,Delhi Daredevils,40,,DA Warner,,male,T20
419132,2009/10,2010-03-30,Mumbai,Brabourne Stadium,Indian Premier League,27,Mumbai Indians,Kings XI Punjab,Mumbai Indians,field,Mumbai Indians,,4,SL Malinga,,male,T20
419133,2009/10,2010-03-31,Chennai,"MA Chidambaram Stadium, Chepauk",Indian Premier League,28,Chennai Super Kings,Royal Challengers Bangalore,Royal Challengers Bangalore,bat,Chennai Super Kings,,5,M Vijay,,male,T20
419134,2009/10,2010-03-31,Delhi,Feroz Shah Kotla,Indian Premier League,29,Delhi Daredevils,Rajasthan Royals,Delhi Daredevils,bat,Delhi Daredevils,67,,KD Karthik,,male,T20
419135,2009/10,2010-04-01,Kolkata,Eden Gardens,Indian Premier League,30,Kolkata Knight Riders,Deccan Chargers,Kolkata Knight Riders,bat,Kolkata Knight Riders,24,,SC Ganguly,,male,T20
419136,2009/10,2010-04-02,Chandigarh,"Punjab Cricket Association Stadium, Mohali",Indian Premier League,31,Kings XI Punjab,Royal Challengers Bangalore,Kings XI Punjab,bat,Royal Challengers Bangalore,,6,KP Pietersen,,male,T20
419137,2009/10,2010-04-03,Chennai,"MA Chidambaram Stadium, Chepauk",Indian Premier League,32,Chennai Super Kings,Rajasthan Royals,Chennai Super Kings,bat,Chennai Super Kings,23,,M Vijay,,male,T20
419138,2009/10,2010-04-03,Mumbai,Brabourne Stadium,Indian Premier League,33,Mumbai Indians,Deccan Chargers,Mumbai Indians,bat,Mumbai Indians,63,,AT Rayudu,,male,T20
419139,2009/10,2010-04-04,Kolkata,Eden Gardens,Indian Premier League,34,Kolkata Knight Riders,Kings XI Punjab,Kolkata Knight Riders,bat,Kings XI Punjab,,8,DPMD Jayawardene,,male,T20
419140,2009/10,2010-04-04,Delhi,Feroz Shah Kotla,Indian Premier League,35,Delhi Daredevils,Royal Challengers Bangalore,Delhi Daredevils,bat,Delhi Daredevils,37,,PD Collingwood,,male,T20
419141,2009/10,2010-04-05,Nagpur,"Vidarbha Cricket Association Stadium, Jamtha",Indian Premier League,36,Deccan Chargers,Rajasthan Royals,Rajasthan Royals,bat,Rajasthan Royals,2,,SK Warne,,male,T20
419142,2009/10,2010-04-06,Chennai,"MA Chidambaram Stadium, Chepauk",Indian Premier League,37,Chennai Super Kings,Mumbai Indians,Chennai Super Kings,bat,Chennai Super Kings,24,,SK Raina,,male,T20
419143,2009/10,2010-04-07,Jaipur,Sawai Mansingh Stadium,Indian Premier League,38,Rajasthan Royals,Kings XI Punjab,Kings XI Punjab,bat,Rajasthan Royals,,9,MJ Lumb,,male,T20
419144,2009/10,2010-04-07,Kolkata,Eden Gardens,Indian Premier League,39,Kolkata Knight Riders,Delhi Daredevils,Kolkata Knight Riders,bat,Kolkata Knight Riders,14,,SC Ganguly,,male,T20
419145,2009/10,2010-04-08,Bangalore,M Chinnaswamy Stadium,Indian Premier League,40,Royal Challengers Bangalore,Deccan Chargers,Deccan Chargers,field,Deccan Chargers,,7,TL Suman,,male,T20
419146,2009/10,2010-04-09,Chandigarh,"Punjab Cricket Association Stadium, Mohali",Indian Premier League,41,Kings XI Punjab,Mumbai Indians,Mumbai Indians,bat,Kings XI Punjab,,6,KC Sangakkara,,male,T20
419147,2009/10,2010-04-10,Nagpur,"Vidarbha Cricket Association Stadium, Jamtha",Indian Premier League,42,Deccan Chargers,Chennai Super Kings,Chennai Super Kings,bat,Deccan Chargers,,6,RJ Harris,,male,T20
419148,2009/10,2010-04-10,Bangalore,M Chinnaswamy Stadium,Indian Premier League,43,Royal Challengers Bangalore,Kolkata Knight Riders,Royal Challengers Bangalore,field,Royal Challengers Bangalore,,7,R Vinay Kumar,,male,T20
419149,2009/10,2010-04-11,Delhi,Feroz Shah Kotla,Indian Premier League,44,Delhi Daredevils,Kings XI Punjab,Delhi Daredevils,bat,Kings XI Punjab,,7,PP Chawla,,male,T20
419150,2009/10,2010-04-11,Jaipur,Sawai Mansingh Stadium,Indian Premier League,45,Rajasthan Royals,Mumbai Indians,Rajasthan Royals,field,Mumbai Indians,37,,SR Tendulkar,,male,T20
419151,2009/10,2010-04-12,Nagpur,"Vidarbha Cricket Association Stadium, Jamtha",Indian Premier League,46,Deccan Chargers,Royal Challengers Bangalore,Royal Challengers Bangalore,field,Deccan Chargers,13,,Harmeet Singh,,male,T20
419152,2009/10,2010-04-13,Mumbai,Brabourne Stadium,Indian Premier League,47,Mumbai Indians,Delhi Daredevils,Mumbai Indians,bat,Mumbai Indians,39,,KA Pollard,,male,T20
419153,2009/10,2010-04-13,Chennai,"MA Chidambaram Stadium, Chepauk",Indian Premier League,48,Chennai Super Kings,Kolkata Knight Riders,Kolkata Knight Riders,bat,Chennai Super Kings,,9,R Ashwin,,male,T20
419154,2009/10,2010-04-14,Jaipur,Sawai Mansingh Stadium,Indian Premier League,49,Rajasthan Royals,Royal Challengers Bangalore,Rajasthan Royals,bat,Royal Challengers Bangalore,,5,KP Pietersen,,male,T20
419155,2009/10,2010-04-15,Chennai,"MA Chidambaram Stadium, Chepauk",Indian Premier League,50,Chennai Super Kings,Delhi Daredevils,Chennai Super Kings,bat,Delhi Daredevils,,6,G Gambhir,,male,T20
419156,2009/10,2010-04-16,Dharamsala,Himachal Pradesh Cricket Association Stadium,Indian Premier League,51,Kings XI Punjab,Deccan Chargers,Deccan Chargers,field,Deccan Chargers,,5,RG Sharma,,male,T20
419157,2009/10,2010-04-17,Bangalore,M Chinnaswamy Stadium,Indian Premier League,52,Royal Challengers Bangalore,Mumbai Indians,Royal Challengers Bangalore,field,Mumbai Indians,57,,R McLaren,,male,T20
419158,2009/10,2010-04-17,Kolkata,Eden Gardens,Indian Premier League,53,Kolkata Knight Riders,Rajasthan Royals,Rajasthan Royals,bat,Kolkata Knight Riders,,8,JD Unadkat,,male,T20
419159,2009/10,2010-04-18,Dharamsala,Himachal Pradesh Cricket Association Stadium,Indian Premier League,54,Kings XI Punjab,Chennai Super Kings,Chennai Super Kings,field,Chennai Super Kings,,6,MS Dhoni,,male,T20
419160,2009/10,2010-04-18,Delhi,Feroz Shah Kotla,Indian Premier League,55,Delhi Daredevils,Deccan Chargers,Deccan Chargers,bat,Deccan Chargers,11,,A Symonds,,male,T20
419161,2009/10,2010-04-19,Kolkata,Eden Gardens,Indian Premier League,56,Kolkata Knight Riders,Mumbai Indians,Mumbai Indians,bat,Kolkata Knight Riders,,9,M Kartik,,male,T20
419162,2009/10,2010-04-21,Mumbai,Dr DY Patil Sports Academy,Indian Premier League,,Royal Challengers Bangalore,Mumbai Indians,Mumbai Indians,bat,Mumbai Indians,35,,KA Pollard,,male,T20
419163,2009/10,2010-04-22,Mumbai,Dr DY Patil Sports Academy,Indian Premier League,,Chennai Super Kings,Deccan Chargers,Chennai Super Kings,bat,Chennai Super Kings,38,,DE Bollinger,,male,T20
419164,2009/10,2010-04-24,Mumbai,Dr DY Patil Sports Academy,Indian Premier League,,Royal Challengers Bangalore,Deccan Chargers,Deccan Chargers,bat,Royal Challengers Bangalore,,9,A Kumble,,male,T20
419165,2009/10,2010-04-25,Mumbai,Dr DY Patil Sports Academy,Indian Premier League,,Chennai Super Kings,Mumbai Indians,Chennai Super Kings,bat,Chennai Super Kings,22,,SK Raina,,male,T20
501198,2011,2011-04-08,Chennai,"MA Chidambaram Stadium, Chepauk",Indian Premier League,1,Chennai Super Kings,Kolkata Knight Riders,Chennai Super Kings,bat,Chennai Super Kings,2,,S Anirudha,,male,T20
501199,2011,2011-04-09,Hyderabad,"Rajiv Gandhi International Stadium, Uppal",Indian Premier League,2,Deccan Chargers,Rajasthan Royals,Rajasthan Royals,field,Rajasthan Royals,,8,SK Trivedi,,male,T20
501200,2011,2011-04-09,Kochi,Nehru Stadium,Indian Premier League,3,Kochi Tuskers Kerala,Royal Challengers Bangalore,Kochi Tuskers Kerala,bat,Royal Challengers Bangalore,,6,AB de Villiers,,male,T20
501201,2011,2011-04-10,Delhi,Feroz Shah Kotla,Indian Premier League,4,Delhi Daredevils,Mumbai Indians,Delhi Daredevils,bat,Mumbai Indians,,8,SL Malinga,,male,T20
501202,2011,2011-04-10,Mumbai,Dr DY Patil Sports Academy,Indian Premier League,5,Pune Warriors,Kings XI Punjab,Kings XI Punjab,bat,Pune Warriors,,7,SB Wagh,,male,T20
501203,2011,2011-04-11,Kolkata,Eden Gardens,Indian Premier League,6,Kolkata Knight Riders,Deccan Chargers,Kolkata Knight Riders,bat,Kolkata Knight Riders,9,,JH Kallis,,male,T20
501204,2011,2011-04-12,Jaipur,Sawai Mansingh Stadium,Indian Premier League,7,Rajasthan Royals,Delhi Daredevils,Delhi Daredevils,bat,Rajasthan Royals,,6,SK Warne,,male,T20
501205,2011,2011-04-12,Bangalore,M Chinnaswamy Stadium,Indian Premier League,8,Royal Challengers Bangalore,Mumbai Indians,Mumbai Indians,field,Mumbai Indians,,9,SR Tendulkar,,male,T20
501206,2011,2011-04-13,Chandigarh,"Punjab Cricket Association Stadium, Mohali",Indian Premier League,9,Kings XI Punjab,Chennai Super Kings,Kings XI Punjab,field,Kings XI Punjab,,6,PC Valthaty,,male,T20
501207,2011,2011-04-13,Mumbai,Dr DY Patil Sports Academy,Indian Premier League,10,Pune Warriors,Kochi Tuskers Kerala,Kochi Tuskers Kerala,bat,Pune Warriors,,4,MD Mishra,,male,T20
501208,2011,2011-04-14,Hyderabad,"Rajiv Gandhi International Stadium, Uppal",Indian Premier League,11,Deccan Chargers,Royal Challengers Bangalore,Royal Challengers Bangalore,field,Deccan Chargers,33,,DW Steyn,,male,T20
501209,2011,2011-04-15,Jaipur,Sawai Mansingh Stadium,Indian Premier League,12,Rajasthan Royals,Kolkata Knight Riders,Kolkata Knight Riders,field,Kolkata Knight Riders,,9,G Gambhir,,male,T20
501210,2011,2011-04-15,Mumbai,Wankhede Stadium,Indian Premier League,13,Mumbai Indians,Kochi Tuskers Kerala,Kochi Tuskers Kerala,field,Kochi Tuskers Kerala,,8,BB McCullum,,male,T20
501211,2011,2011-04-16,Chennai,"MA Chidambaram Stadium, Chepauk",Indian Premier League,14,Chennai Super Kings,Royal Challengers Bangalore,Chennai Super Kings,bat,Chennai Super Kings,21,,MEK Hussey,,male,T20
501212,2011,2011-04-16,Hyderabad,"Rajiv Gandhi International Stadium, Uppal",Indian Premier League,15,Deccan Chargers,Kings XI Punjab,Kings XI Punjab,field,Kings XI Punjab,,8,PC Valthaty,,male,T20
501213,2011,2011-04-17,Mumbai,Dr DY Patil Sports Academy,Indian Premier League,16,Pune Warriors,Delhi Daredevils,Delhi Daredevils,field,Delhi Daredevils,,3,Yuvraj Singh,,male,T20
501214,2011,2011-04-17,Kolkata,Eden Gardens,Indian Premier League,17,Kolkata Knight Riders,Rajasthan Royals,Kolkata Knight Riders,field,Kolkata Knight Riders,,8,L Balaji,,male,T20
501215,2011,2011-04-18,Kochi,Nehru Stadium,Indian Premier League,18,Kochi Tuskers Kerala,Chennai Super Kings,Kochi Tuskers Kerala,field,Kochi Tuskers Kerala,,7,BB McCullum,,male,T20
501216,2011,2011-04-19,Delhi,Feroz Shah Kotla,Indian Premier League,19,Delhi Daredevils,Deccan Chargers,Deccan Chargers,bat,Deccan Chargers,16,,S Sohal,,male,T20
501218,2011,2011-04-20,Mumbai,Wankhede Stadium,Indian Premier League,21,Mumbai Indians,Pune Warriors,Pune Warriors,bat,Mumbai Indians,,7,MM Patel,,male,T20
501219,2011,2011-04-20,Kolkata,Eden Gardens,Indian Premier League,22,Kolkata Knight Riders,Kochi Tuskers Kerala,Kolkata Knight Riders,field,Kochi Tuskers Kerala,6,,DPMD Jayawardene,,male,T20
501220,2011,2011-04-21,Chandigarh,"Punjab Cricket Association Stadium, Mohali",Indian Premier League,23,Kings XI Punjab,Rajasthan Royals,Rajasthan Royals,field,Kings XI Punjab,48,,SE Marsh,,male,T20
501221,2011,2011-04-22,Mumbai,Wankhede Stadium,Indian Premier League,25,Mumbai Indians,Chennai Super Kings,Chennai Super Kings,field,Mumbai Indians,8,,Harbhajan Singh,,male,T20
501222,2011,2011-04-22,Kolkata,Eden Gardens,Indian Premier League,24,Kolkata Knight Riders,Royal Challengers Bangalore,Royal Challengers Bangalore,field,Royal Challengers Bangalore,,9,CH Gayle,,male,T20
501223,2011,2011-04-23,Delhi,Feroz Shah Kotla,Indian Premier League,26,Delhi Daredevils,Kings XI Punjab,Kings XI Punjab,field,Delhi Daredevils,29,,DA Warner,,male,T20
501224,2011,2011-04-24,Hyderabad,"Rajiv Gandhi International Stadium, Uppal",Indian Premier League,27,Deccan Chargers,Mumbai Indians,Deccan Chargers,field,Mumbai Indians,37,,SL Malinga,,male,T20
501225,2011,2011-04-24,Jaipur,Sawai Mansingh Stadium,Indian Premier League,28,Rajasthan Royals,Kochi Tuskers Kerala,Rajasthan Royals,field,Rajasthan Royals,,8,SK Warne,,male,T20
501226,2011,2011-04-25,Chennai,"MA Chidambaram Stadium, Chepauk",Indian Premier League,29,Chennai Super Kings,Pune Warriors,Pune Warriors,field,Chennai Super Kings,25,,MEK Hussey,,male,T20
501227,2011,2011-04-26,Delhi,Feroz Shah Kotla,Indian Premier League,30,Delhi Daredevils,Royal Challengers Bangalore,Royal Challengers Bangalore,field,Royal Challengers Bangalore,,3,V Kohli,,male,T20
501228,2011,2011-04-27,Mumbai,Dr DY Patil Sports Academy,Indian Premier League,31,Pune Warriors,Chennai Super Kings,Pune Warriors,bat,Chennai Super Kings,,8,DE Bollinger,,male,T20
501229,2011,2011-04-27,Kochi,Nehru Stadium,Indian Premier League,32,Kochi Tuskers Kerala,Deccan Chargers,Kochi Tuskers Kerala,field,Deccan Chargers,55,,I Sharma,,male,T20
501230,2011,2011-04-28,Delhi,Feroz Shah Kotla,Indian Premier League,33,Delhi Daredevils,Kolkata Knight Riders,Delhi Daredevils,field,Kolkata Knight Riders,17,,MK Tiwary,,male,T20
501231,2011,2011-04-29,Jaipur,Sawai Mansingh Stadium,Indian Premier League,34,Rajasthan Royals,Mumbai Indians,Rajasthan Royals,field,Rajasthan Royals,,7,J Botha,,male,T20
501232,2011,2011-04-29,Bangalore,M Chinnaswamy Stadium,Indian Premier League,35,Royal Challengers Bangalore,Pune Warriors,Pune Warriors,field,Royal Challengers Bangalore,26,,V Kohli,,male,T20
501233,2011,2011-04-30,Kochi,Nehru Stadium,Indian Premier League,36,Kochi Tuskers Kerala,Delhi Daredevils,Delhi Daredevils,bat,Delhi Daredevils,38,,V Sehwag,,male,T20
501234,2011,2011-04-30,Kolkata,Eden Gardens,Indian Premier League,37,Kolkata Knight Riders,Kings XI Punjab,Kolkata Knight Riders,field,Kolkata Knight Riders,,8,Iqbal Abdulla,,male,T20
501235,2011,2011-05-01,Jaipur,Sawai Mansingh Stadium,Indian Premier League,38,Rajasthan Royals,Pune Warriors,Rajasthan Royals,field,Rajasthan Royals,,6,LRPL Taylor,,male,T20
501236,2011,2011-05-01,Chennai,"MA Chidambaram Stadium, Chepauk",Indian Premier League,39,Chennai Super Kings,Deccan Chargers,Chennai Super Kings,bat,Chennai Super Kings,19,,JA Morkel,,male,T20
501237,2011,2011-05-02,Mumbai,Wankhede Stadium,Indian Premier League,40,Mumbai Indians,Kings XI Punjab,Kings XI Punjab,field,Mumbai Indians,23,,KA Pollard,,male,T20
501238,2011,2011-05-02,Delhi,Feroz Shah Kotla,Indian Premier League,41,Delhi Daredevils,Kochi Tuskers Kerala,Kochi Tuskers Kerala,field,Kochi Tuskers Kerala,,7,P Parameswaran,,male,T20
501239,2011,2011-05-03,Hyderabad,"Rajiv Gandhi International Stadium, Uppal",Indian Premier League,42,Deccan Chargers,Kolkata Knight Riders,Deccan Chargers,field,Kolkata Knight Riders,20,,YK Pathan,,male,T20
501240,2011,2011-05-04,Chennai,"MA Chidambaram Stadium, Chepauk",Indian Premier League,43,Chennai Super Kings,Rajasthan Royals,Rajasthan Royals,bat,Chennai Super Kings,,8,MEK Hussey,,male,T20
501241,2011,2011-05-04,Mumbai,Dr DY Patil Sports Academy,Indian Premier League,44,Pune Warriors,Mumbai Indians,Pune Warriors,field,Mumbai Indians,21,,R Sharma,,male,T20
501242,2011,2011-05-05,Kochi,Nehru Stadium,Indian Premier League,45,Kochi Tuskers Kerala,Kolkata Knight Riders,Kolkata Knight Riders,field,Kochi Tuskers Kerala,17,,BJ Hodge,,male,T20
501243,2011,2011-05-05,Hyderabad,"Rajiv Gandhi International Stadium, Uppal",Indian Premier League,46,Deccan Chargers,Delhi Daredevils,Delhi Daredevils,field,Delhi Daredevils,,4,V Sehwag,,male,T20
501244,2011,2011-05-06,Bangalore,M Chinnaswamy Stadium,Indian Premier League,47,Royal Challengers Bangalore,Kings XI Punjab,Kings XI Punjab,field,Royal Challengers Bangalore,85,,CH Gayle,,male,T20
501245,2011,2011-05-07,Kolkata,Eden Gardens,Indian Premier League,48,Kolkata Knight Riders,Chennai Super Kings,Chennai Super Kings,bat,Kolkata Knight Riders,10,,Iqbal Abdulla,,male,T20
501246,2011,2011-05-07,Mumbai,Wankhede Stadium,Indian Premier League,49,Mumbai Indians,Delhi Daredevils,Delhi Daredevils,field,Mumbai Indians,32,,AT Rayudu,,male,T20
501247,2011,2011-05-08,Bangalore,M Chinnaswamy Stadium,Indian Premier League,50,Royal Challengers Bangalore,Kochi Tuskers Kerala,Kochi Tuskers Kerala,bat,Royal Challengers Bangalore,,9,CH Gayle,,male,T20
501248,2011,2011-05-08,Chandigarh,"Punjab Cricket Association Stadium, Mohali",Indian Premier League,51,Kings XI Punjab,Pune Warriors,Kings XI Punjab,bat,Pune Warriors,,5,R Sharma,,male,T20
501249,2011,2011-05-09,Jaipur,Sawai Mansingh Stadium,Indian Premier League,52,Rajasthan Royals,Chennai Super Kings,Rajasthan Royals,field,Chennai Super Kings,63,,M Vijay,,male,T20
501250,2011,2011-05-10,Hyderabad,"Rajiv Gandhi International Stadium, Uppal",Indian Premier League,53,Deccan Chargers,Pune Warriors,Deccan Chargers,bat,Pune Warriors,,6,MR Marsh,,male,T20
501251,2011,2011-05-10,Chandigarh,"Punjab Cricket Association Stadium, Mohali",Indian Premier League,54,Kings XI Punjab,Mumbai Indians,Mumbai Indians,field,Kings XI Punjab,76,,BA Bhatt,,male,T20
501252,2011,2011-05-11,Jaipur,Sawai Mansingh Stadium,Indian Premier League,55,Rajasthan Royals,Royal Challengers Bangalore,Royal Challengers Bangalore,field,Royal Challengers Bangalore,,9,S Aravind,,male,T20
501253,2011,2011-05-12,Chennai,"MA Chidambaram Stadium, Chepauk",Indian Premier League,56,Chennai Super Kings,Delhi Daredevils,Chennai Super Kings,bat,Chennai Super Kings,18,,MS Dhoni,,male,T20
501254,2011,2011-05-13,Indore,Holkar Cricket Stadium,Indian Premier League,57,Kochi Tuskers Kerala,Kings XI Punjab,Kings XI Punjab,field,Kings XI Punjab,,6,KD Karthik,,male,T20
501255,2011,2011-05-14,Bangalore,M Chinnaswamy Stadium,Indian Premier League,58,Royal Challengers Bangalore,Kolkata Knight Riders,Royal Challengers Bangalore,field,Royal Challengers Bangalore,,4,CH Gayle,,male,T20
501256,2011,2011-05-14,Mumbai,Wankhede Stadium,Indian Premier League,59,Mumbai Indians,Deccan Chargers,Deccan Chargers,bat,Deccan Chargers,10,,A Mishra,,male,T20
501257,2011,2011-05-15,Dharamsala,Himachal Pradesh Cricket Association Stadium,Indian Premier League,60,Kings XI Punjab,Delhi Daredevils,Delhi Daredevils,field,Kings XI Punjab,29,,PP Chawla,,male,T20
501258,2011,2011-05-15,Indore,Holkar Cricket Stadium,Indian Premier League,61,Kochi Tuskers Kerala,Rajasthan Royals,Kochi Tuskers Kerala,field,Kochi Tuskers Kerala,,8,BJ Hodge,,male,T20
501259,2011,2011-05-16,Mumbai,Dr DY Patil Sports Academy,Indian Premier League,62,Pune Warriors,Deccan Chargers,Deccan Chargers,field,Deccan Chargers,,6,A Mishra,,male,T20
501260,2011,2011-05-17,Dharamsala,Himachal Pradesh Cricket Association Stadium,Indian Premier League,63,Kings XI Punjab,Royal Challengers Bangalore,Kings XI Punjab,bat,Kings XI Punjab,111,,AC Gilchrist,,male,T20
501261,2011,2011-05-18,Chennai,"MA Chidambaram Stadium, Chepauk",Indian Premier League,64,Chennai Super Kings,Kochi Tuskers Kerala,Chennai Super Kings,bat,Chennai Super Kings,11,,WP Saha,,male,T20
501262,2011,2011-05-19,Mumbai,Dr DY Patil Sports Academy,Indian Premier League,65,Pune Warriors,Kolkata Knight Riders,Kolkata Knight Riders,field,Kolkata Knight Riders,,7,YK Pathan,,male,T20
501263,2011,2011-05-20,Mumbai,Wankhede Stadium,Indian Premier League,66,Mumbai Indians,Rajasthan Royals,Mumbai Indians,bat,Rajasthan Royals,,10,SR Watson,,male,T20
501264,2011,2011-05-21,Dharamsala,Himachal Pradesh Cricket Association Stadium,Indian Premier League,67,Kings XI Punjab,Deccan Chargers,Kings XI Punjab,field,Deccan Chargers,82,,S Dhawan,,male,T20
501265,2011,2011-05-21,Delhi,Feroz Shah Kotla,Indian Premier League,68,Delhi Daredevils,Pune Warriors,Delhi Daredevils,bat,,,,,no result,male,T20
501266,2011,2011-05-22,Bangalore,M Chinnaswamy Stadium,Indian Premier League,69,Royal Challengers Bangalore,Chennai Super Kings,Royal Challengers Bangalore,field,Royal Challengers Bangalore,,8,CH Gayle,,male,T20
501267,2011,2011-05-22,Kolkata,Eden Gardens,Indian Premier League,70,Kolkata Knight Riders,Mumbai Indians,Mumbai Indians,field,Mumbai Indians,,5,JEC Franklin,,male,T20
501268,2011,2011-05-24,Mumbai,Wankhede Stadium,Indian Premier League,,Royal Challengers Bangalore,Chennai Super Kings,Chennai Super Kings,field,Chennai Super Kings,,6,SK Raina,,male,T20
501269,2011,2011-05-25,Mumbai,Wankhede Stadium,Indian Premier League,,Mumbai Indians,Kolkata Knight Riders,Mumbai Indians,field,Mumbai Indians,,4,MM Patel,,male,T20
501270,2011,2011-05-27,Chennai,"MA Chidambaram Stadium, Chepauk",Indian Premier League,,Royal Challengers Bangalore,Mumbai Indians,Mumbai Indians,field,Royal Challengers Bangalore,43,,CH Gayle,,male,T20
501271,2011,2011-05-28,Chennai,"MA Chidambaram Stadium, Chepauk",Indian Premier League,,Chennai Super Kings,Royal Challengers Bangalore,Chennai Super Kings,bat,Chennai Super Kings,58,,M Vijay,,male,T20
548306,2012,2012-04-04,Chennai,"MA Chidambaram Stadium, Chepauk",Indian Premier League,1,Chennai Super Kings,Mumbai Indians,Mumbai Indians,field,Mumbai Indians,,8,RE Levi,,male,T20
548307,2012,2012-04-05,Kolkata,Eden Gardens,Indian Premier League,2,Kolkata Knight Riders,Delhi Daredevils,Delhi Daredevils,field,Delhi Daredevils,,8,IK Pathan,,male,T20
548308,2012,2012-04-06,Mumbai,Wankhede Stadium,Indian Premier League,3,Mumbai Indians,Pune Warriors,Mumbai Indians,field,Pune Warriors,28,,SPD Smith,,male,T20
548309,2012,2012-04-06,Jaipur,Sawai Mansingh Stadium,Indian Premier League,4,Rajasthan Royals,Kings XI Punjab,Kings XI Punjab,field,Rajasthan Royals,31,,AM Rahane,,male,T20
548310,2012,2012-04-07,Bangalore,M Chinnaswamy Stadium,Indian Premier League,5,Royal Challengers Bangalore,Delhi Daredevils,Delhi Daredevils,field,Royal Challengers Bangalore,20,,AB de Villiers,,male,T20
548311,2012,2012-04-07,Visakhapatnam,Dr. Y.S. Rajasekhara Reddy ACA-VDCA Cricket Stadium,Indian Premier League,6,Deccan Chargers,Chennai Super Kings,Deccan Chargers,field,Chennai Super Kings,74,,RA Jadeja,,male,T20
548312,2012,2012-04-08,Jaipur,Sawai Mansingh Stadium,Indian Premier League,7,Rajasthan Royals,Kolkata Knight Riders,Kolkata Knight Riders,field,Rajasthan Royals,22,,BJ Hodge,,male,T20
548313,2012,2012-04-08,Pune,Subrata Roy Sahara Stadium,Indian Premier League,8,Pune Warriors,Kings XI Punjab,Pune Warriors,bat,Pune Warriors,22,,MN Samuels,,male,T20
548314,2012,2012-04-09,Visakhapatnam,Dr. Y.S. Rajasekhara Reddy ACA-VDCA Cricket Stadium,Indian Premier League,9,Deccan Chargers,Mumbai Indians,Deccan Chargers,bat,Mumbai Indians,,5,RG Sharma,,male,T20
548315,2012,2012-04-10,Bangalore,M Chinnaswamy Stadium,Indian Premier League,10,Royal Challengers Bangalore,Kolkata Knight Riders,Royal Challengers Bangalore,field,Kolkata Knight Riders,42,,L Balaji,,male,T20
548316,2012,2012-04-10,Delhi,Feroz Shah Kotla,Indian Premier League,11,Delhi Daredevils,Chennai Super Kings,Delhi Daredevils,field,Delhi Daredevils,,8,M Morkel,,male,T20
548317,2012,2012-04-11,Mumbai,Wankhede Stadium,Indian Premier League,12,Mumbai Indians,Rajasthan Royals,Rajasthan Royals,field,Mumbai Indians,27,,KA Pollard,,male,T20
548318,2012,2012-04-12,Chennai,"MA Chidambaram Stadium, Chepauk",Indian Premier League,13,Chennai Super Kings,Royal Challengers Bangalore,Royal Challengers Bangalore,bat,Chennai Super Kings,,5,F du Plessis,,male,T20
548319,2012,2012-04-12,Chandigarh,"Punjab Cricket Association Stadium, Mohali",Indian Premier League,14,Kings XI Punjab,Pune Warriors,Kings XI Punjab,field,Kings XI Punjab,,7,AD Mascarenhas,,male,T20
548320,2012,2012-04-13,Kolkata,Eden Gardens,Indian Premier League,15,Kolkata Knight Riders,Rajasthan Royals,Rajasthan Royals,bat,Kolkata Knight Riders,,5,Shakib Al Hasan,,male,T20
548321,2012,2012-04-19,Delhi,Feroz Shah Kotla,Indian Premier League,23,Delhi Daredevils,Deccan Chargers,Deccan Chargers,bat,Delhi Daredevils,,5,KP Pietersen,,male,T20
548322,2012,2012-04-14,Pune,Subrata Roy Sahara Stadium,Indian Premier League,16,Pune Warriors,Chennai Super Kings,Chennai Super Kings,bat,Pune Warriors,,7,JD Ryder,,male,T20
548323,2012,2012-04-15,Kolkata,Eden Gardens,Indian Premier League,17,Kolkata Knight Riders,Kings XI Punjab,Kolkata Knight Riders,field,Kings XI Punjab,2,,SP Narine,,male,T20
548324,2012,2012-04-15,Bangalore,M Chinnaswamy Stadium,Indian Premier League,18,Royal Challengers Bangalore,Rajasthan Royals,Rajasthan Royals,bat,Rajasthan Royals,59,,AM Rahane,,male,T20
548325,2012,2012-04-16,Mumbai,Wankhede Stadium,Indian Premier League,19,Mumbai Indians,Delhi Daredevils,Delhi Daredevils,field,Delhi Daredevils,,7,S Nadeem,,male,T20
548326,2012,2012-04-17,Jaipur,Sawai Mansingh Stadium,Indian Premier League,20,Rajasthan Royals,Deccan Chargers,Deccan Chargers,bat,Rajasthan Royals,,5,BJ Hodge,,male,T20
548327,2012,2012-04-17,Bangalore,M Chinnaswamy Stadium,Indian Premier League,21,Royal Challengers Bangalore,Pune Warriors,Pune Warriors,bat,Royal Challengers Bangalore,,6,CH Gayle,,male,T20
548328,2012,2012-04-18,Chandigarh,"Punjab Cricket Association Stadium, Mohali",Indian Premier League,22,Kings XI Punjab,Kolkata Knight Riders,Kings XI Punjab,bat,Kolkata Knight Riders,,8,G Gambhir,,male,T20
548329,2012,2012-05-10,Hyderabad,"Rajiv Gandhi International Stadium, Uppal",Indian Premier League,55,Deccan Chargers,Delhi Daredevils,Deccan Chargers,bat,Delhi Daredevils,,9,DA Warner,,male,T20
548330,2012,2012-04-19,Chennai,"MA Chidambaram Stadium, Chepauk",Indian Premier League,24,Chennai Super Kings,Pune Warriors,Pune Warriors,field,Chennai Super Kings,13,,KMDN Kulasekara,,male,T20
548331,2012,2012-04-20,Chandigarh,"Punjab Cricket Association Stadium, Mohali",Indian Premier League,25,Kings XI Punjab,Royal Challengers Bangalore,Royal Challengers Bangalore,field,Royal Challengers Bangalore,,5,CH Gayle,,male,T20
548332,2012,2012-04-21,Chennai,"MA Chidambaram Stadium, Chepauk",Indian Premier League,26,Chennai Super Kings,Rajasthan Royals,Rajasthan Royals,bat,Chennai Super Kings,,7,F du Plessis,,male,T20
548333,2012,2012-04-21,Delhi,Feroz Shah Kotla,Indian Premier League,27,Delhi Daredevils,Pune Warriors,Delhi Daredevils,field,Pune Warriors,20,,SC Ganguly,,male,T20
548334,2012,2012-04-22,Mumbai,Wankhede Stadium,Indian Premier League,28,Mumbai Indians,Kings XI Punjab,Mumbai Indians,bat,Kings XI Punjab,,6,SE Marsh,,male,T20
548335,2012,2012-04-22,Cuttack,Barabati Stadium,Indian Premier League,29,Deccan Chargers,Kolkata Knight Riders,Kolkata Knight Riders,field,Kolkata Knight Riders,,5,B Lee,,male,T20
548336,2012,2012-04-23,Jaipur,Sawai Mansingh Stadium,Indian Premier League,30,Rajasthan Royals,Royal Challengers Bangalore,Rajasthan Royals,field,Royal Challengers Bangalore,46,,AB de Villiers,,male,T20
548337,2012,2012-04-24,Pune,Subrata Roy Sahara Stadium,Indian Premier League,31,Pune Warriors,Delhi Daredevils,Pune Warriors,bat,Delhi Daredevils,,8,V Sehwag,,male,T20
548339,2012,2012-04-25,Chandigarh,"Punjab Cricket Association Stadium, Mohali",Indian Premier League,33,Kings XI Punjab,Mumbai Indians,Kings XI Punjab,bat,Mumbai Indians,,4,AT Rayudu,,male,T20
548341,2012,2012-04-26,Pune,Subrata Roy Sahara Stadium,Indian Premier League,35,Pune Warriors,Deccan Chargers,Deccan Chargers,bat,Deccan Chargers,18,,CL White,,male,T20
548342,2012,2012-04-27,Delhi,Feroz Shah Kotla,Indian Premier League,36,Delhi Daredevils,Mumbai Indians,Mumbai Indians,field,Delhi Daredevils,37,,V Sehwag,,male,T20
548343,2012,2012-04-28,Chennai,"MA Chidambaram Stadium, Chepauk",Indian Premier League,37,Chennai Super Kings,Kings XI Punjab,Kings XI Punjab,bat,Kings XI Punjab,7,,Mandeep Singh,,male,T20
548344,2012,2012-04-28,Kolkata,Eden Gardens,Indian Premier League,38,Kolkata Knight Riders,Royal Challengers Bangalore,Kolkata Knight Riders,bat,Kolkata Knight Riders,47,,G Gambhir,,male,T20
548345,2012,2012-04-29,Delhi,Feroz Shah Kotla,Indian Premier League,39,Delhi Daredevils,Rajasthan Royals,Delhi Daredevils,bat,Delhi Daredevils,1,,V Sehwag,,male,T20
548346,2012,2012-04-29,Mumbai,Wankhede Stadium,Indian Premier League,40,Mumbai Indians,Deccan Chargers,Mumbai Indians,field,Mumbai Indians,,5,DW Steyn,,male,T20
548347,2012,2012-04-30,Chennai,"MA Chidambaram Stadium, Chepauk",Indian Premier League,41,Chennai Super Kings,Kolkata Knight Riders,Chennai Super Kings,bat,Kolkata Knight Riders,,5,G Gambhir,,male,T20
548348,2012,2012-05-01,Cuttack,Barabati Stadium,Indian Premier League,42,Deccan Chargers,Pune Warriors,Deccan Chargers,bat,Deccan Chargers,13,,KC Sangakkara,,male,T20
548349,2012,2012-05-01,Jaipur,Sawai Mansingh Stadium,Indian Premier League,43,Rajasthan Royals,Delhi Daredevils,Rajasthan Royals,bat,Delhi Daredevils,,6,P Negi,,male,T20
548350,2012,2012-05-02,Bangalore,M Chinnaswamy Stadium,Indian Premier League,44,Royal Challengers Bangalore,Kings XI Punjab,Kings XI Punjab,field,Kings XI Punjab,,4,Azhar Mahmood,,male,T20
548351,2012,2012-05-03,Pune,Subrata Roy Sahara Stadium,Indian Premier League,45,Pune Warriors,Mumbai Indians,Mumbai Indians,bat,Mumbai Indians,1,,SL Malinga,,male,T20
548352,2012,2012-05-04,Chennai,"MA Chidambaram Stadium, Chepauk",Indian Premier League,46,Chennai Super Kings,Deccan Chargers,Chennai Super Kings,bat,Chennai Super Kings,10,,SK Raina,,male,T20
548353,2012,2012-05-05,Kolkata,Eden Gardens,Indian Premier League,47,Kolkata Knight Riders,Pune Warriors,Kolkata Knight Riders,bat,Kolkata Knight Riders,7,,SP Narine,,male,T20
548354,2012,2012-05-05,Chandigarh,"Punjab Cricket Association Stadium, Mohali",Indian Premier League,48,Kings XI Punjab,Rajasthan Royals,Rajasthan Royals,bat,Rajasthan Royals,43,,SR Watson,,male,T20
548355,2012,2012-05-06,Mumbai,Wankhede Stadium,Indian Premier League,49,Mumbai Indians,Chennai Super Kings,Mumbai Indians,field,Mumbai Indians,,2,DR Smith,,male,T20
548356,2012,2012-05-06,Bangalore,M Chinnaswamy Stadium,Indian Premier League,50,Royal Challengers Bangalore,Deccan Chargers,Royal Challengers Bangalore,field,Royal Challengers Bangalore,,5,AB de Villiers,,male,T20
548357,2012,2012-05-07,Delhi,Feroz Shah Kotla,Indian Premier League,51,Delhi Daredevils,Kolkata Knight Riders,Delhi Daredevils,bat,Kolkata Knight Riders,,6,JH Kallis,,male,T20
548358,2012,2012-05-08,Pune,Subrata Roy Sahara Stadium,Indian Premier League,52,Pune Warriors,Rajasthan Royals,Pune Warriors,bat,Rajasthan Royals,,7,SR Watson,,male,T20
548359,2012,2012-05-08,Hyderabad,"Rajiv Gandhi International Stadium, Uppal",Indian Premier League,53,Deccan Chargers,Kings XI Punjab,Deccan Chargers,field,Kings XI Punjab,25,,Mandeep Singh,,male,T20
548360,2012,2012-05-09,Mumbai,Wankhede Stadium,Indian Premier League,54,Mumbai Indians,Royal Challengers Bangalore,Royal Challengers Bangalore,field,Royal Challengers Bangalore,,9,CH Gayle,,male,T20
548361,2012,2012-05-10,Jaipur,Sawai Mansingh Stadium,Indian Premier League,56,Rajasthan Royals,Chennai Super Kings,Chennai Super Kings,field,Chennai Super Kings,,4,BW Hilfenhaus,,male,T20
548362,2012,2012-05-11,Pune,Subrata Roy Sahara Stadium,Indian Premier League,57,Pune Warriors,Royal Challengers Bangalore,Pune Warriors,field,Royal Challengers Bangalore,35,,CH Gayle,,male,T20
548363,2012,2012-05-12,Kolkata,Eden Gardens,Indian Premier League,58,Kolkata Knight Riders,Mumbai Indians,Mumbai Indians,bat,Mumbai Indians,27,,RG Sharma,,male,T20
548364,2012,2012-05-12,Chennai,"MA Chidambaram Stadium, Chepauk",Indian Premier League,59,Chennai Super Kings,Delhi Daredevils,Chennai Super Kings,field,Chennai Super Kings,,9,BW Hilfenhaus,,male,T20
548365,2012,2012-05-13,Jaipur,Sawai Mansingh Stadium,Indian Premier League,60,Rajasthan Royals,Pune Warriors,Rajasthan Royals,bat,Rajasthan Royals,45,,A Chandila,,male,T20
548366,2012,2012-05-13,Chandigarh,"Punjab Cricket Association Stadium, Mohali",Indian Premier League,61,Kings XI Punjab,Deccan Chargers,Deccan Chargers,bat,Kings XI Punjab,,4,DJ Hussey,,male,T20
548367,2012,2012-05-14,Bangalore,M Chinnaswamy Stadium,Indian Premier League,62,Royal Challengers Bangalore,Mumbai Indians,Mumbai Indians,field,Mumbai Indians,,5,AT Rayudu,,male,T20
548368,2012,2012-05-14,Kolkata,Eden Gardens,Indian Premier League,63,Kolkata Knight Riders,Chennai Super Kings,Chennai Super Kings,field,Chennai Super Kings,,5,MEK Hussey,,male,T20
548369,2012,2012-05-15,Delhi,Feroz Shah Kotla,Indian Premier League,64,Delhi Daredevils,Kings XI Punjab,Kings XI Punjab,bat,Delhi Daredevils,,5,UT Yadav,,male,T20
548370,2012,2012-05-16,Mumbai,Wankhede Stadium,Indian Premier League,65,Mumbai Indians,Kolkata Knight Riders,Mumbai Indians,field,Kolkata Knight Riders,32,,SP Narine,,male,T20
548371,2012,2012-05-17,Dharamsala,Himachal Pradesh Cricket Association Stadium,Indian Premier League,66,Kings XI Punjab,Chennai Super Kings,Kings XI Punjab,field,Kings XI Punjab,,6,AC Gilchrist,,male,T20
548372,2012,2012-05-17,Delhi,Feroz Shah Kotla,Indian Premier League,67,Delhi Daredevils,Royal Challengers Bangalore,Delhi Daredevils,field,Royal Challengers Bangalore,21,,CH Gayle,,male,T20
548373,2012,2012-05-18,Hyderabad,"Rajiv Gandhi International Stadium, Uppal",Indian Premier League,68,Deccan Chargers,Rajasthan Royals,Rajasthan Royals,bat,Deccan Chargers,,5,DW Steyn,,male,T20
548374,2012,2012-05-19,Dharamsala,Himachal Pradesh Cricket Association Stadium,Indian Premier League,69,Kings XI Punjab,Delhi Daredevils,Delhi Daredevils,field,Delhi Daredevils,,6,UT Yadav,,male,T20
548375,2012,2012-05-19,Pune,Subrata Roy Sahara Stadium,Indian Premier League,70,Pune Warriors,Kolkata Knight Riders,Kolkata Knight Riders,bat,Kolkata Knight Riders,34,,Shakib Al Hasan,,male,T20
548376,2012,2012-05-20,Hyderabad,"Rajiv Gandhi International Stadium, Uppal",Indian Premier League,71,Deccan Chargers,Royal Challengers Bangalore,Royal Challengers Bangalore,field,Deccan Chargers,9,,DW Steyn,,male,T20
548377,2012,2012-05-20,Jaipur,Sawai Mansingh Stadium,Indian Premier League,72,Rajasthan Royals,Mumbai Indians,Rajasthan Royals,bat,Mumbai Indians,,10,DR Smith,,male,T20
548378,2012,2012-05-22,Pune,Subrata Roy Sahara Stadium,Indian Premier League,,Delhi Daredevils,Kolkata Knight Riders,Kolkata Knight Riders,bat,Kolkata Knight Riders,18,,YK Pathan,,male,T20
548379,2012,2012-05-23,Bangalore,M Chinnaswamy Stadium,Indian Premier League,,Chennai Super Kings,Mumbai Indians,Mumbai Indians,field,Chennai Super Kings,38,,MS Dhoni,,male,T20
548380,2012,2012-05-25,Chennai,"MA Chidambaram Stadium, Chepauk",Indian Premier League,,Delhi Daredevils,Chennai Super Kings,Delhi Daredevils,field,Chennai Super Kings,86,,M Vijay,,male,T20
548381,2012,2012-05-27,Chennai,"MA Chidambaram Stadium, Chepauk",Indian Premier League,,Kolkata Knight Riders,Chennai Super Kings,Chennai Super Kings,bat,Kolkata Knight Riders,,5,MS Bisla,,male,T20
597998,2013,2013-04-03,Kolkata,Eden Gardens,Indian Premier League,1,Kolkata Knight Riders,Delhi Daredevils,Kolkata Knight Riders,field,Kolkata Knight Riders,,6,SP Narine,,male,T20
597999,2013,2013-04-04,Bangalore,M Chinnaswamy Stadium,Indian Premier League,2,Royal Challengers Bangalore,Mumbai Indians,Mumbai Indians,field,Royal Challengers Bangalore,2,,CH Gayle,,male,T20
598000,2013,2013-04-05,Hyderabad,"Rajiv Gandhi International Stadium, Uppal",Indian Premier League,3,Sunrisers Hyderabad,Pune Warriors,Pune Warriors,field,Sunrisers Hyderabad,22,,A Mishra,,male,T20
598001,2013,2013-04-06,Delhi,Feroz Shah Kotla,Indian Premier League,4,Delhi Daredevils,Rajasthan Royals,Rajasthan Royals,bat,Rajasthan Royals,5,,R Dravid,,male,T20
598002,2013,2013-04-06,Chennai,"MA Chidambaram Stadium, Chepauk",Indian Premier League,5,Chennai Super Kings,Mumbai Indians,Mumbai Indians,bat,Mumbai Indians,9,,KA Pollard,,male,T20
598003,2013,2013-04-07,Pune,Subrata Roy Sahara Stadium,Indian Premier League,6,Pune Warriors,Kings XI Punjab,Pune Warriors,bat,Kings XI Punjab,,8,M Vohra,,male,T20
598004,2013,2013-04-07,Hyderabad,"Rajiv Gandhi International Stadium, Uppal",Indian Premier League,7,Sunrisers Hyderabad,Royal Challengers Bangalore,Royal Challengers Bangalore,bat,,,,GH Vihari,tie,male,T20
598005,2013,2013-04-08,Jaipur,Sawai Mansingh Stadium,Indian Premier League,8,Rajasthan Royals,Kolkata Knight Riders,Kolkata Knight Riders,field,Rajasthan Royals,19,,SK Trivedi,,male,T20
598006,2013,2013-04-09,Mumbai,Wankhede Stadium,Indian Premier League,10,Mumbai Indians,Delhi Daredevils,Mumbai Indians,bat,Mumbai Indians,44,,KD Karthik,,male,T20
598007,2013,2013-04-10,Chandigarh,"Punjab Cricket Association Stadium, Mohali",Indian Premier League,11,Kings XI Punjab,Chennai Super Kings,Chennai Super Kings,field,Chennai Super Kings,,10,MEK Hussey,,male,T20
598008,2013,2013-04-11,Bangalore,M Chinnaswamy Stadium,Indian Premier League,12,Royal Challengers Bangalore,Kolkata Knight Riders,Royal Challengers Bangalore,field,Royal Challengers Bangalore,,8,CH Gayle,,male,T20
598009,2013,2013-04-11,Pune,Subrata Roy Sahara Stadium,Indian Premier League,13,Pune Warriors,Rajasthan Royals,Rajasthan Royals,bat,Pune Warriors,,7,AJ Finch,,male,T20
598010,2013,2013-04-12,Delhi,Feroz Shah Kotla,Indian Premier League,14,Delhi Daredevils,Sunrisers Hyderabad,Delhi Daredevils,bat,Sunrisers Hyderabad,,3,A Mishra,,male,T20
598011,2013,2013-04-13,Mumbai,Wankhede Stadium,Indian Premier League,15,Mumbai Indians,Pune Warriors,Mumbai Indians,bat,Mumbai Indians,41,,RG Sharma,,male,T20
598012,2013,2013-04-13,Chennai,"MA Chidambaram Stadium, Chepauk",Indian Premier League,16,Chennai Super Kings,Royal Challengers Bangalore,Chennai Super Kings,field,Chennai Super Kings,,4,RA Jadeja,,male,T20
598013,2013,2013-04-14,Kolkata,Eden Gardens,Indian Premier League,17,Kolkata Knight Riders,Sunrisers Hyderabad,Kolkata Knight Riders,bat,Kolkata Knight Riders,48,,G Gambhir,,male,T20
598014,2013,2013-04-14,Jaipur,Sawai Mansingh Stadium,Indian Premier League,18,Rajasthan Royals,Kings XI Punjab,Rajasthan Royals,field,Rajasthan Royals,,6,JP Faulkner,,male,T20
598015,2013,2013-04-15,Chennai,"MA Chidambaram Stadium, Chepauk",Indian Premier League,19,Chennai Super Kings,Pune Warriors,Pune Warriors,bat,Pune Warriors,24,,SPD Smith,,male,T20
598016,2013,2013-04-16,Chandigarh,"Punjab Cricket Association Stadium, Mohali",Indian Premier League,20,Kings XI Punjab,Kolkata Knight Riders,Kolkata Knight Riders,field,Kings XI Punjab,4,,MS Gony,,male,T20
598017,2013,2013-04-16,Bangalore,M Chinnaswamy Stadium,Indian Premier League,21,Royal Challengers Bangalore,Delhi Daredevils,Royal Challengers Bangalore,field,,,,V Kohli,tie,male,T20
598018,2013,2013-04-17,Pune,Maharashtra Cricket Association Stadium,Indian Premier League,22,Pune Warriors,Sunrisers Hyderabad,Pune Warriors,field,Sunrisers Hyderabad,11,,A Mishra,,male,T20
598019,2013,2013-04-17,Jaipur,Sawai Mansingh Stadium,Indian Premier League,23,Rajasthan Royals,Mumbai Indians,Rajasthan Royals,bat,Rajasthan Royals,87,,AM Rahane,,male,T20
598020,2013,2013-04-18,Delhi,Feroz Shah Kotla,Indian Premier League,24,Delhi Daredevils,Chennai Super Kings,Chennai Super Kings,bat,Chennai Super Kings,86,,MEK Hussey,,male,T20
598021,2013,2013-04-19,Hyderabad,"Rajiv Gandhi International Stadium, Uppal",Indian Premier League,25,Sunrisers Hyderabad,Kings XI Punjab,Kings XI Punjab,bat,Sunrisers Hyderabad,,5,GH Vihari,,male,T20
598022,2013,2013-04-20,Kolkata,Eden Gardens,Indian Premier League,26,Kolkata Knight Riders,Chennai Super Kings,Kolkata Knight Riders,bat,Chennai Super Kings,,4,RA Jadeja,,male,T20
598023,2013,2013-04-20,Bangalore,M Chinnaswamy Stadium,Indian Premier League,27,Royal Challengers Bangalore,Rajasthan Royals,Royal Challengers Bangalore,field,Royal Challengers Bangalore,,7,R Vinay Kumar,,male,T20
598024,2013,2013-04-21,Delhi,Feroz Shah Kotla,Indian Premier League,28,Delhi Daredevils,Mumbai Indians,Mumbai Indians,bat,Delhi Daredevils,,9,V Sehwag,,male,T20
598025,2013,2013-04-21,Chandigarh,"Punjab Cricket Association Stadium, Mohali",Indian Premier League,29,Kings XI Punjab,Pune Warriors,Kings XI Punjab,field,Kings XI Punjab,,7,DA Miller,,male,T20
598026,2013,2013-04-22,Chennai,"MA Chidambaram Stadium, Chepauk",Indian Premier League,30,Chennai Super Kings,Rajasthan Royals,Rajasthan Royals,bat,Chennai Super Kings,,5,MEK Hussey,,male,T20
598027,2013,2013-04-23,Bangalore,M Chinnaswamy Stadium,Indian Premier League,31,Royal Challengers Bangalore,Pune Warriors,Pune Warriors,field,Royal Challengers Bangalore,130,,CH Gayle,,male,T20
598028,2013,2013-05-16,Dharamsala,Himachal Pradesh Cricket Association Stadium,Indian Premier League,67,Kings XI Punjab,Delhi Daredevils,Delhi Daredevils,field,Kings XI Punjab,7,,DA Miller,,male,T20
598029,2013,2013-04-24,Kolkata,Eden Gardens,Indian Premier League,33,Kolkata Knight Riders,Mumbai Indians,Kolkata Knight Riders,bat,Mumbai Indians,,5,DR Smith,,male,T20
598030,2013,2013-04-25,Chennai,"MA Chidambaram Stadium, Chepauk",Indian Premier League,34,Chennai Super Kings,Sunrisers Hyderabad,Sunrisers Hyderabad,bat,Chennai Super Kings,,5,MS Dhoni,,male,T20
598031,2013,2013-04-26,Kolkata,Eden Gardens,Indian Premier League,35,Kolkata Knight Riders,Kings XI Punjab,Kings XI Punjab,bat,Kolkata Knight Riders,,6,JH Kallis,,male,T20
598032,2013,2013-04-27,Jaipur,Sawai Mansingh Stadium,Indian Premier League,36,Rajasthan Royals,Sunrisers Hyderabad,Sunrisers Hyderabad,bat,Rajasthan Royals,,8,JP Faulkner,,male,T20
598033,2013,2013-04-27,Mumbai,Wankhede Stadium,Indian Premier League,37,Mumbai Indians,Royal Challengers Bangalore,Mumbai Indians,bat,Mumbai Indians,58,,DR Smith,,male,T20
598034,2013,2013-04-28,Chennai,"MA Chidambaram Stadium, Chepauk",Indian Premier League,38,Chennai Super Kings,Kolkata Knight Riders,Kolkata Knight Riders,field,Chennai Super Kings,14,,MEK Hussey,,male,T20
598035,2013,2013-04-28,Raipur,Shaheed Veer Narayan Singh International Stadium,Indian Premier League,39,Delhi Daredevils,Pune Warriors,Pune Warriors,field,Delhi Daredevils,15,,DA Warner,,male,T20
598036,2013,2013-04-29,Jaipur,Sawai Mansingh Stadium,Indian Premier League,40,Rajasthan Royals,Royal Challengers Bangalore,Rajasthan Royals,field,Rajasthan Royals,,4,SV Samson,,male,T20
598037,2013,2013-04-29,Mumbai,Wankhede Stadium,Indian Premier League,41,Mumbai Indians,Kings XI Punjab,Mumbai Indians,bat,Mumbai Indians,4,,RG Sharma,,male,T20
598038,2013,2013-04-30,Pune,Subrata Roy Sahara Stadium,Indian Premier League,42,Pune Warriors,Chennai Super Kings,Chennai Super Kings,bat,Chennai Super Kings,37,,MS Dhoni,,male,T20
598039,2013,2013-05-01,Hyderabad,"Rajiv Gandhi International Stadium, Uppal",Indian Premier League,43,Sunrisers Hyderabad,Mumbai Indians,Mumbai Indians,bat,Sunrisers Hyderabad,,7,I Sharma,,male,T20
598040,2013,2013-05-01,Raipur,Shaheed Veer Narayan Singh International Stadium,Indian Premier League,44,Delhi Daredevils,Kolkata Knight Riders,Kolkata Knight Riders,bat,Delhi Daredevils,,7,DA Warner,,male,T20
598041,2013,2013-05-02,Chennai,"MA Chidambaram Stadium, Chepauk",Indian Premier League,45,Chennai Super Kings,Kings XI Punjab,Chennai Super Kings,bat,Chennai Super Kings,15,,SK Raina,,male,T20
598042,2013,2013-05-02,Pune,Subrata Roy Sahara Stadium,Indian Premier League,46,Pune Warriors,Royal Challengers Bangalore,Royal Challengers Bangalore,bat,Royal Challengers Bangalore,17,,AB de Villiers,,male,T20
598043,2013,2013-05-03,Kolkata,Eden Gardens,Indian Premier League,47,Kolkata Knight Riders,Rajasthan Royals,Rajasthan Royals,bat,Kolkata Knight Riders,,8,YK Pathan,,male,T20
598044,2013,2013-05-04,Hyderabad,"Rajiv Gandhi International Stadium, Uppal",Indian Premier League,48,Sunrisers Hyderabad,Delhi Daredevils,Delhi Daredevils,bat,Sunrisers Hyderabad,,6,DJG Sammy,,male,T20
598045,2013,2013-05-14,Bangalore,M Chinnaswamy Stadium,Indian Premier League,63,Royal Challengers Bangalore,Kings XI Punjab,Kings XI Punjab,field,Kings XI Punjab,,7,AC Gilchrist,,male,T20
598046,2013,2013-05-05,Mumbai,Wankhede Stadium,Indian Premier League,49,Mumbai Indians,Chennai Super Kings,Mumbai Indians,bat,Mumbai Indians,60,,MG Johnson,,male,T20
598047,2013,2013-05-05,Jaipur,Sawai Mansingh Stadium,Indian Premier League,50,Rajasthan Royals,Pune Warriors,Pune Warriors,bat,Rajasthan Royals,,5,AM Rahane,,male,T20
598048,2013,2013-04-09,Bangalore,M Chinnaswamy Stadium,Indian Premier League,9,Royal Challengers Bangalore,Sunrisers Hyderabad,Sunrisers Hyderabad,bat,Royal Challengers Bangalore,,7,V Kohli,,male,T20
598049,2013,2013-05-07,Jaipur,Sawai Mansingh Stadium,Indian Premier League,52,Rajasthan Royals,Delhi Daredevils,Delhi Daredevils,bat,Rajasthan Royals,,9,AM Rahane,,male,T20
598050,2013,2013-05-07,Mumbai,Wankhede Stadium,Indian Premier League,53,Mumbai Indians,Kolkata Knight Riders,Mumbai Indians,bat,Mumbai Indians,65,,SR Tendulkar,,male,T20
598051,2013,2013-05-08,Hyderabad,"Rajiv Gandhi International Stadium, Uppal",Indian Premier League,54,Sunrisers Hyderabad,Chennai Super Kings,Sunrisers Hyderabad,field,Chennai Super Kings,77,,SK Raina,,male,T20
598052,2013,2013-05-09,Chandigarh,"Punjab Cricket Association Stadium, Mohali",Indian Premier League,55,Kings XI Punjab,Rajasthan Royals,Rajasthan Royals,field,Rajasthan Royals,,8,KK Cooper,,male,T20
598053,2013,2013-05-09,Pune,Subrata Roy Sahara Stadium,Indian Premier League,56,Pune Warriors,Kolkata Knight Riders,Kolkata Knight Riders,bat,Kolkata Knight Riders,46,,G Gambhir,,male,T20
598054,2013,2013-05-10,Delhi,Feroz Shah Kotla,Indian Premier League,57,Delhi Daredevils,Royal Challengers Bangalore,Delhi Daredevils,field,Royal Challengers Bangalore,4,,JD Unadkat,,male,T20
598055,2013,2013-05-11,Pune,Subrata Roy Sahara Stadium,Indian Premier League,58,Pune Warriors,Mumbai Indians,Pune Warriors,bat,Mumbai Indians,,5,MG Johnson,,male,T20
598056,2013,2013-05-11,Chandigarh,"Punjab Cricket Association Stadium, Mohali",Indian Premier League,59,Kings XI Punjab,Sunrisers Hyderabad,Kings XI Punjab,field,Sunrisers Hyderabad,30,,PA Patel,,male,T20
598057,2013,2013-05-12,Ranchi,JSCA International Stadium Complex,Indian Premier League,60,Kolkata Knight Riders,Royal Challengers Bangalore,Kolkata Knight Riders,field,Kolkata Knight Riders,,5,JH Kallis,,male,T20
598058,2013,2013-05-12,Jaipur,Sawai Mansingh Stadium,Indian Premier League,61,Rajasthan Royals,Chennai Super Kings,Rajasthan Royals,field,Rajasthan Royals,,5,SR Watson,,male,T20
598059,2013,2013-04-23,Delhi,Feroz Shah Kotla,Indian Premier League,32,Delhi Daredevils,Kings XI Punjab,Kings XI Punjab,field,Kings XI Punjab,,5,Harmeet Singh,,male,T20
598060,2013,2013-05-13,Mumbai,Wankhede Stadium,Indian Premier League,62,Mumbai Indians,Sunrisers Hyderabad,Sunrisers Hyderabad,bat,Mumbai Indians,,7,KA Pollard,,male,T20
598061,2013,2013-05-15,Ranchi,JSCA International Stadium Complex,Indian Premier League,65,Kolkata Knight Riders,Pune Warriors,Kolkata Knight Riders,field,Pune Warriors,7,,MK Pandey,,male,T20
598062,2013,2013-05-14,Chennai,"MA Chidambaram Stadium, Chepauk",Indian Premier League,64,Chennai Super Kings,Delhi Daredevils,Chennai Super Kings,bat,Chennai Super Kings,33,,MS Dhoni,,male,T20
598063,2013,2013-05-15,Mumbai,Wankhede Stadium,Indian Premier League,66,Mumbai Indians,Rajasthan Royals,Rajasthan Royals,field,Mumbai Indians,14,,AP Tare,,male,T20
598064,2013,2013-05-06,Chandigarh,"Punjab Cricket Association Stadium, Mohali",Indian Premier League,51,Kings XI Punjab,Royal Challengers Bangalore,Kings XI Punjab,field,Kings XI Punjab,,6,DA Miller,,male,T20
598065,2013,2013-05-17,Hyderabad,"Rajiv Gandhi International Stadium, Uppal",Indian Premier League,68,Sunrisers Hyderabad,Rajasthan Royals,Sunrisers Hyderabad,bat,Sunrisers Hyderabad,23,,A Mishra,,male,T20
598066,2013,2013-05-18,Dharamsala,Himachal Pradesh Cricket Association Stadium,Indian Premier League,69,Kings XI Punjab,Mumbai Indians,Mumbai Indians,field,Kings XI Punjab,50,,Azhar Mahmood,,male,T20
598067,2013,2013-05-19,Pune,Subrata Roy Sahara Stadium,Indian Premier League,71,Pune Warriors,Delhi Daredevils,Pune Warriors,bat,Pune Warriors,38,,LJ Wright,,male,T20
598068,2013,2013-05-18,Bangalore,M Chinnaswamy Stadium,Indian Premier League,70,Royal Challengers Bangalore,Chennai Super Kings,Chennai Super Kings,field,Royal Challengers Bangalore,24,,V Kohli,,male,T20
598069,2013,2013-05-19,Hyderabad,"Rajiv Gandhi International Stadium, Uppal",Indian Premier League,72,Sunrisers Hyderabad,Kolkata Knight Riders,Kolkata Knight Riders,bat,Sunrisers Hyderabad,,5,PA Patel,,male,T20
598070,2013,2013-05-21,Delhi,Feroz Shah Kotla,Indian Premier League,,Chennai Super Kings,Mumbai Indians,Chennai Super Kings,bat,Chennai Super Kings,48,,MEK Hussey,,male,T20
598071,2013,2013-05-22,Delhi,Feroz Shah Kotla,Indian Premier League,,Rajasthan Royals,Sunrisers Hyderabad,Sunrisers Hyderabad,bat,Rajasthan Royals,,4,BJ Hodge,,male,T20
598072,2013,2013-05-24,Kolkata,Eden Gardens,Indian Premier League,,Mumbai Indians,Rajasthan Royals,Rajasthan Royals,bat,Mumbai Indians,,4,Harbhajan Singh,,male,T20
598073,2013,2013-05-26,Kolkata,Eden Gardens,Indian Premier League,,Chennai Super Kings,Mumbai Indians,Mumbai Indians,bat,Mumbai Indians,23,,KA Pollard,,male,T20
729279,2014,2014-04-16,Abu Dhabi,Sheikh Zayed Stadium,Indian Premier League,1,Mumbai Indians,Kolkata Knight Riders,Kolkata Knight Riders,bat,Kolkata Knight Riders,41,,JH Kallis,,male,T20
729281,2014,2014-04-17,,Sharjah Cricket Stadium,Indian Premier League,2,Delhi Daredevils,Royal Challengers Bangalore,Royal Challengers Bangalore,field,Royal Challengers Bangalore,,8,YS Chahal,,male,T20
729283,2014,2014-04-18,Abu Dhabi,Sheikh Zayed Stadium,Indian Premier League,3,Chennai Super Kings,Kings XI Punjab,Chennai Super Kings,bat,Kings XI Punjab,,6,GJ Maxwell,,male,T20
729285,2014,2014-04-18,Abu Dhabi,Sheikh Zayed Stadium,Indian Premier League,4,Sunrisers Hyderabad,Rajasthan Royals,Rajasthan Royals,field,Rajasthan Royals,,4,AM Rahane,,male,T20
729287,2014,2014-04-19,,Dubai International Cricket Stadium,Indian Premier League,5,Royal Challengers Bangalore,Mumbai Indians,Royal Challengers Bangalore,field,Royal Challengers Bangalore,,7,PA Patel,,male,T20
729289,2014,2014-04-19,,Dubai International Cricket Stadium,Indian Premier League,6,Kolkata Knight Riders,Delhi Daredevils,Kolkata Knight Riders,bat,Delhi Daredevils,,4,JP Duminy,,male,T20
729291,2014,2014-04-20,,Sharjah Cricket Stadium,Indian Premier League,7,Rajasthan Royals,Kings XI Punjab,Kings XI Punjab,field,Kings XI Punjab,,7,GJ Maxwell,,male,T20
729293,2014,2014-04-21,Abu Dhabi,Sheikh Zayed Stadium,Indian Premier League,8,Chennai Super Kings,Delhi Daredevils,Chennai Super Kings,bat,Chennai Super Kings,93,,SK Raina,,male,T20
729295,2014,2014-04-22,,Sharjah Cricket Stadium,Indian Premier League,9,Kings XI Punjab,Sunrisers Hyderabad,Sunrisers Hyderabad,field,Kings XI Punjab,72,,GJ Maxwell,,male,T20
729297,2014,2014-04-23,,Dubai International Cricket Stadium,Indian Premier League,10,Rajasthan Royals,Chennai Super Kings,Rajasthan Royals,field,Chennai Super Kings,7,,RA Jadeja,,male,T20
729299,2014,2014-04-24,,Sharjah Cricket Stadium,Indian Premier League,11,Royal Challengers Bangalore,Kolkata Knight Riders,Royal Challengers Bangalore,field,Kolkata Knight Riders,2,,CA Lynn,,male,T20
729301,2014,2014-04-25,,Dubai International Cricket Stadium,Indian Premier League,12,Sunrisers Hyderabad,Delhi Daredevils,Sunrisers Hyderabad,bat,Sunrisers Hyderabad,4,,AJ Finch,,male,T20
729303,2014,2014-04-25,,Dubai International Cricket Stadium,Indian Premier League,13,Chennai Super Kings,Mumbai Indians,Mumbai Indians,bat,Chennai Super Kings,,7,MM Sharma,,male,T20
729305,2014,2014-04-26,Abu Dhabi,Sheikh Zayed Stadium,Indian Premier League,14,Rajasthan Royals,Royal Challengers Bangalore,Rajasthan Royals,field,Rajasthan Royals,,6,PV Tambe,,male,T20
729307,2014,2014-04-26,Abu Dhabi,Sheikh Zayed Stadium,Indian Premier League,15,Kolkata Knight Riders,Kings XI Punjab,Kolkata Knight Riders,field,Kings XI Punjab,23,,Sandeep Sharma,,male,T20
729309,2014,2014-04-27,,Sharjah Cricket Stadium,Indian Premier League,16,Delhi Daredevils,Mumbai Indians,Mumbai Indians,bat,Delhi Daredevils,,6,M Vijay,,male,T20
729311,2014,2014-04-27,,Sharjah Cricket Stadium,Indian Premier League,17,Sunrisers Hyderabad,Chennai Super Kings,Sunrisers Hyderabad,bat,Chennai Super Kings,,5,DR Smith,,male,T20
729313,2014,2014-04-28,,Dubai International Cricket Stadium,Indian Premier League,18,Kings XI Punjab,Royal Challengers Bangalore,Kings XI Punjab,field,Kings XI Punjab,,5,Sandeep Sharma,,male,T20
729315,2014,2014-04-29,Abu Dhabi,Sheikh Zayed Stadium,Indian Premier League,19,Kolkata Knight Riders,Rajasthan Royals,Rajasthan Royals,bat,,,,JP Faulkner,tie,male,T20
729317,2014,2014-04-30,,Dubai International Cricket Stadium,Indian Premier League,20,Mumbai Indians,Sunrisers Hyderabad,Mumbai Indians,field,Sunrisers Hyderabad,15,,B Kumar,,male,T20
733971,2014,2014-05-02,Ranchi,JSCA International Stadium Complex,Indian Premier League,21,Chennai Super Kings,Kolkata Knight Riders,Chennai Super Kings,bat,Chennai Super Kings,34,,RA Jadeja,,male,T20
733973,2014,2014-05-03,Mumbai,Wankhede Stadium,Indian Premier League,22,Mumbai Indians,Kings XI Punjab,Kings XI Punjab,bat,Mumbai Indians,,5,CJ Anderson,,male,T20
733975,2014,2014-05-03,Delhi,Feroz Shah Kotla,Indian Premier League,23,Delhi Daredevils,Rajasthan Royals,Rajasthan Royals,field,Rajasthan Royals,,7,KK Nair,,male,T20
733977,2014,2014-05-04,Bangalore,M Chinnaswamy Stadium,Indian Premier League,24,Royal Challengers Bangalore,Sunrisers Hyderabad,Royal Challengers Bangalore,field,Royal Challengers Bangalore,,4,AB de Villiers,,male,T20
733979,2014,2014-05-05,Ahmedabad,"Sardar Patel Stadium, Motera",Indian Premier League,25,Rajasthan Royals,Kolkata Knight Riders,Kolkata Knight Riders,field,Rajasthan Royals,10,,PV Tambe,,male,T20
733981,2014,2014-05-05,Delhi,Feroz Shah Kotla,Indian Premier League,26,Delhi Daredevils,Chennai Super Kings,Chennai Super Kings,field,Chennai Super Kings,,8,DR Smith,,male,T20
733983,2014,2014-05-06,Mumbai,Wankhede Stadium,Indian Premier League,27,Mumbai Indians,Royal Challengers Bangalore,Royal Challengers Bangalore,field,Mumbai Indians,19,,RG Sharma,,male,T20
733985,2014,2014-05-07,Delhi,Feroz Shah Kotla,Indian Premier League,28,Delhi Daredevils,Kolkata Knight Riders,Delhi Daredevils,bat,Kolkata Knight Riders,,8,G Gambhir,,male,T20
733987,2014,2014-05-07,Cuttack,Barabati Stadium,Indian Premier League,29,Kings XI Punjab,Chennai Super Kings,Chennai Super Kings,field,Kings XI Punjab,44,,GJ Maxwell,,male,T20
733989,2014,2014-05-08,Ahmedabad,"Sardar Patel Stadium, Motera",Indian Premier League,30,Rajasthan Royals,Sunrisers Hyderabad,Rajasthan Royals,field,Sunrisers Hyderabad,32,,B Kumar,,male,T20
733991,2014,2014-05-09,Bangalore,M Chinnaswamy Stadium,Indian Premier League,31,Royal Challengers Bangalore,Kings XI Punjab,Royal Challengers Bangalore,field,Kings XI Punjab,32,,Sandeep Sharma,,male,T20
733993,2014,2014-05-10,Delhi,Feroz Shah Kotla,Indian Premier League,32,Delhi Daredevils,Sunrisers Hyderabad,Sunrisers Hyderabad,field,Sunrisers Hyderabad,,8,DW Steyn,,male,T20
733995,2014,2014-05-10,Mumbai,Wankhede Stadium,Indian Premier League,33,Mumbai Indians,Chennai Super Kings,Chennai Super Kings,field,Chennai Super Kings,,4,DR Smith,,male,T20
733997,2014,2014-05-11,Cuttack,Barabati Stadium,Indian Premier League,34,Kings XI Punjab,Kolkata Knight Riders,Kolkata Knight Riders,field,Kolkata Knight Riders,,9,G Gambhir,,male,T20
733999,2014,2014-05-11,Bangalore,M Chinnaswamy Stadium,Indian Premier League,35,Royal Challengers Bangalore,Rajasthan Royals,Royal Challengers Bangalore,bat,Rajasthan Royals,,5,JP Faulkner,,male,T20
734001,2014,2014-05-12,Hyderabad,"Rajiv Gandhi International Stadium, Uppal",Indian Premier League,36,Sunrisers Hyderabad,Mumbai Indians,Sunrisers Hyderabad,bat,Mumbai Indians,,7,AT Rayudu,,male,T20
734003,2014,2014-05-13,Ranchi,JSCA International Stadium Complex,Indian Premier League,37,Chennai Super Kings,Rajasthan Royals,Rajasthan Royals,bat,Chennai Super Kings,,5,RA Jadeja,,male,T20
734005,2014,2014-05-13,Bangalore,M Chinnaswamy Stadium,Indian Premier League,38,Royal Challengers Bangalore,Delhi Daredevils,Delhi Daredevils,field,Royal Challengers Bangalore,16,,Yuvraj Singh,,male,T20
734007,2014,2014-05-14,Hyderabad,"Rajiv Gandhi International Stadium, Uppal",Indian Premier League,39,Sunrisers Hyderabad,Kings XI Punjab,Kings XI Punjab,field,Kings XI Punjab,,6,WP Saha,,male,T20
734009,2014,2014-05-14,Cuttack,Barabati Stadium,Indian Premier League,40,Kolkata Knight Riders,Mumbai Indians,Kolkata Knight Riders,field,Kolkata Knight Riders,,6,RV Uthappa,,male,T20
734011,2014,2014-05-15,Ahmedabad,"Sardar Patel Stadium, Motera",Indian Premier League,41,Rajasthan Royals,Delhi Daredevils,Delhi Daredevils,field,Rajasthan Royals,62,,AM Rahane,,male,T20
734013,2014,2014-05-18,Ranchi,JSCA International Stadium Complex,Indian Premier League,42,Chennai Super Kings,Royal Challengers Bangalore,Chennai Super Kings,bat,Royal Challengers Bangalore,,5,AB de Villiers,,male,T20
734015,2014,2014-05-18,Hyderabad,"Rajiv Gandhi International Stadium, Uppal",Indian Premier League,43,Sunrisers Hyderabad,Kolkata Knight Riders,Sunrisers Hyderabad,bat,Kolkata Knight Riders,,7,UT Yadav,,male,T20
734017,2014,2014-05-19,Ahmedabad,"Sardar Patel Stadium, Motera",Indian Premier League,44,Rajasthan Royals,Mumbai Indians,Mumbai Indians,bat,Mumbai Indians,25,,MEK Hussey,,male,T20
734019,2014,2014-05-19,Delhi,Feroz Shah Kotla,Indian Premier League,45,Delhi Daredevils,Kings XI Punjab,Kings XI Punjab,field,Kings XI Punjab,,4,AR Patel,,male,T20
734021,2014,2014-05-20,Hyderabad,"Rajiv Gandhi International Stadium, Uppal",Indian Premier League,46,Sunrisers Hyderabad,Royal Challengers Bangalore,Royal Challengers Bangalore,bat,Sunrisers Hyderabad,,7,DA Warner,,male,T20
734023,2014,2014-05-20,Kolkata,Eden Gardens,Indian Premier League,47,Kolkata Knight Riders,Chennai Super Kings,Kolkata Knight Riders,field,Kolkata Knight Riders,,8,RV Uthappa,,male,T20
734025,2014,2014-05-21,Chandigarh,"Punjab Cricket Association Stadium, Mohali",Indian Premier League,48,Kings XI Punjab,Mumbai Indians,Mumbai Indians,field,Mumbai Indians,,7,LMP Simmons,,male,T20
734027,2014,2014-05-22,Kolkata,Eden Gardens,Indian Premier League,49,Kolkata Knight Riders,Royal Challengers Bangalore,Royal Challengers Bangalore,field,Kolkata Knight Riders,30,,RV Uthappa,,male,T20
734029,2014,2014-05-22,Ranchi,JSCA International Stadium Complex,Indian Premier League,50,Chennai Super Kings,Sunrisers Hyderabad,Sunrisers Hyderabad,field,Sunrisers Hyderabad,,6,DA Warner,,male,T20
734031,2014,2014-05-23,Mumbai,Wankhede Stadium,Indian Premier League,51,Mumbai Indians,Delhi Daredevils,Delhi Daredevils,field,Mumbai Indians,15,,MEK Hussey,,male,T20
734033,2014,2014-05-23,Chandigarh,"Punjab Cricket Association Stadium, Mohali",Indian Premier League,52,Kings XI Punjab,Rajasthan Royals,Rajasthan Royals,field,Kings XI Punjab,16,,SE Marsh,,male,T20
734035,2014,2014-05-24,Bangalore,M Chinnaswamy Stadium,Indian Premier League,53,Royal Challengers Bangalore,Chennai Super Kings,Chennai Super Kings,field,Chennai Super Kings,,8,MS Dhoni,,male,T20
734037,2014,2014-05-24,Kolkata,Eden Gardens,Indian Premier League,54,Kolkata Knight Riders,Sunrisers Hyderabad,Kolkata Knight Riders,field,Kolkata Knight Riders,,4,YK Pathan,,male,T20
734039,2014,2014-05-25,Chandigarh,"Punjab Cricket Association Stadium, Mohali",Indian Premier League,55,Kings XI Punjab,Delhi Daredevils,Kings XI Punjab,field,Kings XI Punjab,,7,M Vohra,,male,T20
734041,2014,2014-05-25,Mumbai,Wankhede Stadium,Indian Premier League,56,Mumbai Indians,Rajasthan Royals,Mumbai Indians,field,Mumbai Indians,,5,CJ Anderson,,male,T20
734043,2014,2014-05-27,Kolkata,Eden Gardens,Indian Premier League,,Kings XI Punjab,Kolkata Knight Riders,Kings XI Punjab,field,Kolkata Knight Riders,28,,UT Yadav,,male,T20
734045,2014,2014-05-28,Mumbai,Brabourne Stadium,Indian Premier League,,Chennai Super Kings,Mumbai Indians,Chennai Super Kings,field,Chennai Super Kings,,7,SK Raina,,male,T20
734047,2014,2014-05-30,Mumbai,Wankhede Stadium,Indian Premier League,,Chennai Super Kings,Kings XI Punjab,Chennai Super Kings,field,Kings XI Punjab,24,,V Sehwag,,male,T20
734049,2014,2014-06-01,Bangalore,M Chinnaswamy Stadium,Indian Premier League,,Kolkata Knight Riders,Kings XI Punjab,Kolkata Knight Riders,field,Kolkata Knight Riders,,3,MK Pandey,,male,T20
829705,2015,2015-04-08,Kolkata,Eden Gardens,Indian Premier League,1,Kolkata Knight Riders,Mumbai Indians,Kolkata Knight Riders,field,Kolkata Knight Riders,,7,M Morkel,,male,T20
829707,2015,2015-04-09,Chennai,"MA Chidambaram Stadium, Chepauk",Indian Premier League,2,Chennai Super Kings,Delhi Daredevils,Delhi Daredevils,field,Chennai Super Kings,1,,A Nehra,,male,T20
829709,2015,2015-04-10,Pune,Maharashtra Cricket Association Stadium,Indian Premier League,3,Kings XI Punjab,Rajasthan Royals,Kings XI Punjab,field,Rajasthan Royals,26,,JP Faulkner,,male,T20
829711,2015,2015-04-11,Chennai,"MA Chidambaram Stadium, Chepauk",Indian Premier League,4,Chennai Super Kings,Sunrisers Hyderabad,Chennai Super Kings,bat,Chennai Super Kings,45,,BB McCullum,,male,T20
829713,2015,2015-04-11,Kolkata,Eden Gardens,Indian Premier League,5,Kolkata Knight Riders,Royal Challengers Bangalore,Royal Challengers Bangalore,field,Royal Challengers Bangalore,,3,CH Gayle,,male,T20
829715,2015,2015-04-12,Delhi,Feroz Shah Kotla,Indian Premier League,6,Delhi Daredevils,Rajasthan Royals,Rajasthan Royals,field,Rajasthan Royals,,3,DJ Hooda,,male,T20
829717,2015,2015-04-12,Mumbai,Wankhede Stadium,Indian Premier League,7,Mumbai Indians,Kings XI Punjab,Mumbai Indians,field,Kings XI Punjab,18,,GJ Bailey,,male,T20
829719,2015,2015-04-13,Bangalore,M Chinnaswamy Stadium,Indian Premier League,8,Royal Challengers Bangalore,Sunrisers Hyderabad,Sunrisers Hyderabad,field,Sunrisers Hyderabad,,8,DA Warner,,male,T20
829721,2015,2015-04-14,Ahmedabad,"Sardar Patel Stadium, Motera",Indian Premier League,9,Rajasthan Royals,Mumbai Indians,Mumbai Indians,bat,Rajasthan Royals,,7,SPD Smith,,male,T20
829723,2015,2015-04-30,Kolkata,Eden Gardens,Indian Premier League,30,Kolkata Knight Riders,Chennai Super Kings,Kolkata Knight Riders,field,Kolkata Knight Riders,,7,AD Russell,,male,T20
829725,2015,2015-04-15,Pune,Maharashtra Cricket Association Stadium,Indian Premier League,10,Kings XI Punjab,Delhi Daredevils,Kings XI Punjab,bat,Delhi Daredevils,,5,MA Agarwal,,male,T20
829727,2015,2015-04-16,Visakhapatnam,Dr. Y.S. Rajasekhara Reddy ACA-VDCA Cricket Stadium,Indian Premier League,11,Sunrisers Hyderabad,Rajasthan Royals,Rajasthan Royals,field,Rajasthan Royals,,6,AM Rahane,,male,T20
829729,2015,2015-04-17,Mumbai,Wankhede Stadium,Indian Premier League,12,Mumbai Indians,Chennai Super Kings,Mumbai Indians,bat,Chennai Super Kings,,6,A Nehra,,male,T20
829731,2015,2015-04-18,Visakhapatnam,Dr. Y.S. Rajasekhara Reddy ACA-VDCA Cricket Stadium,Indian Premier League,13,Sunrisers Hyderabad,Delhi Daredevils,Delhi Daredevils,bat,Delhi Daredevils,4,,JP Duminy,,male,T20
829733,2015,2015-04-18,Pune,Maharashtra Cricket Association Stadium,Indian Premier League,14,Kings XI Punjab,Kolkata Knight Riders,Kolkata Knight Riders,field,Kolkata Knight Riders,,4,AD Russell,,male,T20
829735,2015,2015-04-19,Ahmedabad,"Sardar Patel Stadium, Motera",Indian Premier League,15,Rajasthan Royals,Chennai Super Kings,Chennai Super Kings,bat,Rajasthan Royals,,8,AM Rahane,,male,T20
829737,2015,2015-04-19,Bangalore,M Chinnaswamy Stadium,Indian Premier League,16,Royal Challengers Bangalore,Mumbai Indians,Royal Challengers Bangalore,field,Mumbai Indians,18,,Harbhajan Singh,,male,T20
829739,2015,2015-04-20,Delhi,Feroz Shah Kotla,Indian Premier League,17,Delhi Daredevils,Kolkata Knight Riders,Kolkata Knight Riders,field,Kolkata Knight Riders,,6,UT Yadav,,male,T20
829741,2015,2015-04-21,Ahmedabad,"Sardar Patel Stadium, Motera",Indian Premier League,18,Rajasthan Royals,Kings XI Punjab,Kings XI Punjab,field,,,,SE Marsh,tie,male,T20
829743,2015,2015-04-22,Visakhapatnam,Dr. Y.S. Rajasekhara Reddy ACA-VDCA Cricket Stadium,Indian Premier League,19,Sunrisers Hyderabad,Kolkata Knight Riders,Kolkata Knight Riders,field,Sunrisers Hyderabad,16,,DA Warner,,male,T20
829745,2015,2015-04-22,Bangalore,M Chinnaswamy Stadium,Indian Premier League,20,Royal Challengers Bangalore,Chennai Super Kings,Royal Challengers Bangalore,field,Chennai Super Kings,27,,SK Raina,,male,T20
829747,2015,2015-04-23,Delhi,Feroz Shah Kotla,Indian Premier League,21,Delhi Daredevils,Mumbai Indians,Mumbai Indians,field,Delhi Daredevils,37,,SS Iyer,,male,T20
829749,2015,2015-04-24,Ahmedabad,"Sardar Patel Stadium, Motera",Indian Premier League,22,Rajasthan Royals,Royal Challengers Bangalore,Royal Challengers Bangalore,field,Royal Challengers Bangalore,,9,MA Starc,,male,T20
829751,2015,2015-04-25,Mumbai,Wankhede Stadium,Indian Premier League,23,Mumbai Indians,Sunrisers Hyderabad,Mumbai Indians,bat,Mumbai Indians,20,,SL Malinga,,male,T20
829753,2015,2015-04-25,Chennai,"MA Chidambaram Stadium, Chepauk",Indian Premier League,24,Chennai Super Kings,Kings XI Punjab,Chennai Super Kings,bat,Chennai Super Kings,97,,BB McCullum,,male,T20
829757,2015,2015-04-26,Delhi,Feroz Shah Kotla,Indian Premier League,26,Delhi Daredevils,Royal Challengers Bangalore,Royal Challengers Bangalore,field,Royal Challengers Bangalore,,10,VR Aaron,,male,T20
829759,2015,2015-04-27,Chandigarh,"Punjab Cricket Association Stadium, Mohali",Indian Premier League,27,Kings XI Punjab,Sunrisers Hyderabad,Kings XI Punjab,field,Sunrisers Hyderabad,20,,TA Boult,,male,T20
829761,2015,2015-05-07,Kolkata,Eden Gardens,Indian Premier League,42,Kolkata Knight Riders,Delhi Daredevils,Kolkata Knight Riders,bat,Kolkata Knight Riders,13,,PP Chawla,,male,T20
829763,2015,2015-04-29,Bangalore,M Chinnaswamy Stadium,Indian Premier League,29,Royal Challengers Bangalore,Rajasthan Royals,Rajasthan Royals,field,,,,,no result,male,T20
829765,2015,2015-04-28,Chennai,"MA Chidambaram Stadium, Chepauk",Indian Premier League,28,Chennai Super Kings,Kolkata Knight Riders,Kolkata Knight Riders,field,Chennai Super Kings,2,,DJ Bravo,,male,T20
829767,2015,2015-05-01,Delhi,Feroz Shah Kotla,Indian Premier League,31,Delhi Daredevils,Kings XI Punjab,Delhi Daredevils,field,Delhi Daredevils,,9,NM Coulter-Nile,,male,T20
829769,2015,2015-05-01,Mumbai,Wankhede Stadium,Indian Premier League,32,Mumbai Indians,Rajasthan Royals,Rajasthan Royals,field,Mumbai Indians,8,,AT Rayudu,,male,T20
829771,2015,2015-05-02,Bangalore,M Chinnaswamy Stadium,Indian Premier League,33,Royal Challengers Bangalore,Kolkata Knight Riders,Royal Challengers Bangalore,field,Royal Challengers Bangalore,,7,Mandeep Singh,,male,T20
829773,2015,2015-05-02,Hyderabad,"Rajiv Gandhi International Stadium, Uppal",Indian Premier League,34,Sunrisers Hyderabad,Chennai Super Kings,Chennai Super Kings,field,Sunrisers Hyderabad,22,,DA Warner,,male,T20
829775,2015,2015-05-03,Chandigarh,"Punjab Cricket Association Stadium, Mohali",Indian Premier League,35,Kings XI Punjab,Mumbai Indians,Mumbai Indians,bat,Mumbai Indians,23,,LMP Simmons,,male,T20
829777,2015,2015-05-03,Mumbai,Brabourne Stadium,Indian Premier League,36,Rajasthan Royals,Delhi Daredevils,Delhi Daredevils,field,Rajasthan Royals,14,,AM Rahane,,male,T20
829779,2015,2015-05-04,Chennai,"MA Chidambaram Stadium, Chepauk",Indian Premier League,37,Chennai Super Kings,Royal Challengers Bangalore,Chennai Super Kings,bat,Chennai Super Kings,24,,SK Raina,,male,T20
829781,2015,2015-05-04,Kolkata,Eden Gardens,Indian Premier League,38,Kolkata Knight Riders,Sunrisers Hyderabad,Sunrisers Hyderabad,field,Kolkata Knight Riders,35,,UT Yadav,,male,T20
829783,2015,2015-05-05,Mumbai,Wankhede Stadium,Indian Premier League,39,Mumbai Indians,Delhi Daredevils,Delhi Daredevils,bat,Mumbai Indians,,5,Harbhajan Singh,,male,T20
829785,2015,2015-05-06,Bangalore,M Chinnaswamy Stadium,Indian Premier League,40,Royal Challengers Bangalore,Kings XI Punjab,Kings XI Punjab,field,Royal Challengers Bangalore,138,,CH Gayle,,male,T20
829787,2015,2015-05-07,Mumbai,Brabourne Stadium,Indian Premier League,41,Rajasthan Royals,Sunrisers Hyderabad,Rajasthan Royals,field,Sunrisers Hyderabad,7,,EJG Morgan,,male,T20
829789,2015,2015-05-08,Chennai,"MA Chidambaram Stadium, Chepauk",Indian Premier League,43,Chennai Super Kings,Mumbai Indians,Chennai Super Kings,bat,Mumbai Indians,,6,HH Pandya,,male,T20
829791,2015,2015-05-09,Kolkata,Eden Gardens,Indian Premier League,44,Kolkata Knight Riders,Kings XI Punjab,Kings XI Punjab,bat,Kolkata Knight Riders,,1,AD Russell,,male,T20
829793,2015,2015-05-09,Raipur,Shaheed Veer Narayan Singh International Stadium,Indian Premier League,45,Delhi Daredevils,Sunrisers Hyderabad,Sunrisers Hyderabad,bat,Sunrisers Hyderabad,6,,MC Henriques,,male,T20
829795,2015,2015-05-10,Mumbai,Wankhede Stadium,Indian Premier League,46,Mumbai Indians,Royal Challengers Bangalore,Royal Challengers Bangalore,bat,Royal Challengers Bangalore,39,,AB de Villiers,,male,T20
829797,2015,2015-05-10,Chennai,"MA Chidambaram Stadium, Chepauk",Indian Premier League,47,Chennai Super Kings,Rajasthan Royals,Chennai Super Kings,bat,Chennai Super Kings,12,,RA Jadeja,,male,T20
829799,2015,2015-05-11,Hyderabad,"Rajiv Gandhi International Stadium, Uppal",Indian Premier League,48,Sunrisers Hyderabad,Kings XI Punjab,Sunrisers Hyderabad,bat,Sunrisers Hyderabad,5,,DA Warner,,male,T20
829801,2015,2015-05-12,Raipur,Shaheed Veer Narayan Singh International Stadium,Indian Premier League,49,Delhi Daredevils,Chennai Super Kings,Chennai Super Kings,bat,Delhi Daredevils,,6,Z Khan,,male,T20
829803,2015,2015-05-13,Chandigarh,"Punjab Cricket Association Stadium, Mohali",Indian Premier League,50,Kings XI Punjab,Royal Challengers Bangalore,Royal Challengers Bangalore,field,Kings XI Punjab,22,,AR Patel,,male,T20
829805,2015,2015-05-14,Mumbai,Wankhede Stadium,Indian Premier League,51,Mumbai Indians,Kolkata Knight Riders,Kolkata Knight Riders,field,Mumbai Indians,5,,HH Pandya,,male,T20
829807,2015,2015-05-15,Hyderabad,"Rajiv Gandhi International Stadium, Uppal",Indian Premier League,52,Sunrisers Hyderabad,Royal Challengers Bangalore,Sunrisers Hyderabad,bat,Royal Challengers Bangalore,,6,V Kohli,,male,T20
829809,2015,2015-05-16,Chandigarh,"Punjab Cricket Association Stadium, Mohali",Indian Premier League,53,Kings XI Punjab,Chennai Super Kings,Kings XI Punjab,bat,Chennai Super Kings,,7,P Negi,,male,T20
829811,2015,2015-05-16,Mumbai,Brabourne Stadium,Indian Premier League,54,Rajasthan Royals,Kolkata Knight Riders,Rajasthan Royals,bat,Rajasthan Royals,9,,SR Watson,,male,T20
829813,2015,2015-05-17,Bangalore,M Chinnaswamy Stadium,Indian Premier League,55,Royal Challengers Bangalore,Delhi Daredevils,Royal Challengers Bangalore,field,,,,,no result,male,T20
829815,2015,2015-05-17,Hyderabad,"Rajiv Gandhi International Stadium, Uppal",Indian Premier League,56,Sunrisers Hyderabad,Mumbai Indians,Sunrisers Hyderabad,bat,Mumbai Indians,,9,MJ McClenaghan,,male,T20
829817,2015,2015-05-19,Mumbai,Wankhede Stadium,Indian Premier League,,Chennai Super Kings,Mumbai Indians,Mumbai Indians,bat,Mumbai Indians,25,,KA Pollard,,male,T20
829819,2015,2015-05-20,Pune,Maharashtra Cricket Association Stadium,Indian Premier League,,Royal Challengers Bangalore,Rajasthan Royals,Royal Challengers Bangalore,bat,Royal Challengers Bangalore,71,,AB de Villiers,,male,T20
829821,2015,2015-05-22,Ranchi,JSCA International Stadium Complex,Indian Premier League,,Chennai Super Kings,Royal Challengers Bangalore,Chennai Super Kings,field,Chennai Super Kings,,3,A Nehra,,male,T20
829823,2015,2015-05-24,Kolkata,Eden Gardens,Indian Premier League,,Mumbai Indians,Chennai Super Kings,Chennai Super Kings,field,Mumbai Indians,41,,RG Sharma,,male,T20
980901,2016,2016-04-09,Mumbai,Wankhede Stadium,Indian Premier League,1,Mumbai Indians,Rising Pune Supergiants,Mumbai Indians,bat,Rising Pune Supergiants,,9,AM Rahane,,male,T20
980903,2016,2016-04-10,Kolkata,Eden Gardens,Indian Premier League,2,Kolkata Knight Riders,Delhi Daredevils,Kolkata Knight Riders,field,Kolkata Knight Riders,,9,AD Russell,,male,T20
980905,2016,2016-04-11,Chandigarh,"Punjab Cricket Association IS Bindra Stadium, Mohali",Indian Premier League,3,Kings XI Punjab,Gujarat Lions,Gujarat Lions,field,Gujarat Lions,,5,AJ Finch,,male,T20
980907,2016,2016-04-12,Bangalore,M Chinnaswamy Stadium,Indian Premier League,4,Royal Challengers Bangalore,Sunrisers Hyderabad,Sunrisers Hyderabad,field,Royal Challengers Bangalore,45,,AB de Villiers,,male,T20
980909,2016,2016-04-13,Kolkata,Eden Gardens,Indian Premier League,5,Kolkata Knight Riders,Mumbai Indians,Mumbai Indians,field,Mumbai Indians,,6,RG Sharma,,male,T20
980911,2016,2016-04-14,Rajkot,Saurashtra Cricket Association Stadium,Indian Premier League,6,Gujarat Lions,Rising Pune Supergiants,Rising Pune Supergiants,bat,Gujarat Lions,,7,AJ Finch,,male,T20
980913,2016,2016-04-15,Delhi,Feroz Shah Kotla,Indian Premier League,7,Delhi Daredevils,Kings XI Punjab,Delhi Daredevils,field,Delhi Daredevils,,8,A Mishra,,male,T20
980915,2016,2016-04-16,Hyderabad,"Rajiv Gandhi International Stadium, Uppal",Indian Premier League,8,Sunrisers Hyderabad,Kolkata Knight Riders,Sunrisers Hyderabad,bat,Kolkata Knight Riders,,8,G Gambhir,,male,T20
980917,2016,2016-04-16,Mumbai,Wankhede Stadium,Indian Premier League,9,Mumbai Indians,Gujarat Lions,Gujarat Lions,field,Gujarat Lions,,3,AJ Finch,,male,T20
980919,2016,2016-04-17,Chandigarh,"Punjab Cricket Association IS Bindra Stadium, Mohali",Indian Premier League,10,Kings XI Punjab,Rising Pune Supergiants,Rising Pune Supergiants,bat,Kings XI Punjab,,6,M Vohra,,male,T20
980921,2016,2016-04-17,Bangalore,M Chinnaswamy Stadium,Indian Premier League,11,Royal Challengers Bangalore,Delhi Daredevils,Delhi Daredevils,field,Delhi Daredevils,,7,Q de Kock,,male,T20
980923,2016,2016-04-18,Hyderabad,"Rajiv Gandhi International Stadium, Uppal",Indian Premier League,12,Sunrisers Hyderabad,Mumbai Indians,Sunrisers Hyderabad,field,Sunrisers Hyderabad,,7,DA Warner,,male,T20
980925,2016,2016-04-19,Chandigarh,"Punjab Cricket Association IS Bindra Stadium, Mohali",Indian Premier League,13,Kings XI Punjab,Kolkata Knight Riders,Kolkata Knight Riders,field,Kolkata Knight Riders,,6,RV Uthappa,,male,T20
980927,2016,2016-04-20,Mumbai,Wankhede Stadium,Indian Premier League,14,Mumbai Indians,Royal Challengers Bangalore,Mumbai Indians,field,Mumbai Indians,,6,RG Sharma,,male,T20
980929,2016,2016-04-21,Rajkot,Saurashtra Cricket Association Stadium,Indian Premier League,15,Gujarat Lions,Sunrisers Hyderabad,Sunrisers Hyderabad,field,Sunrisers Hyderabad,,10,B Kumar,,male,T20
980931,2016,2016-04-22,Pune,Maharashtra Cricket Association Stadium,Indian Premier League,16,Rising Pune Supergiants,Royal Challengers Bangalore,Rising Pune Supergiants,field,Royal Challengers Bangalore,13,,AB de Villiers,,male,T20
980933,2016,2016-04-23,Delhi,Feroz Shah Kotla,Indian Premier League,17,Delhi Daredevils,Mumbai Indians,Mumbai Indians,field,Delhi Daredevils,10,,SV Samson,,male,T20
980935,2016,2016-04-23,Hyderabad,"Rajiv Gandhi International Stadium, Uppal",Indian Premier League,18,Sunrisers Hyderabad,Kings XI Punjab,Sunrisers Hyderabad,field,Sunrisers Hyderabad,,5,Mustafizur Rahman,,male,T20
980937,2016,2016-04-24,Rajkot,Saurashtra Cricket Association Stadium,Indian Premier League,19,Gujarat Lions,Royal Challengers Bangalore,Royal Challengers Bangalore,bat,Gujarat Lions,,6,V Kohli,,male,T20
980939,2016,2016-04-24,Pune,Maharashtra Cricket Association Stadium,Indian Premier League,20,Rising Pune Supergiants,Kolkata Knight Riders,Kolkata Knight Riders,field,Kolkata Knight Riders,,2,SA Yadav,,male,T20
980941,2016,2016-04-25,Chandigarh,"Punjab Cricket Association IS Bindra Stadium, Mohali",Indian Premier League,21,Kings XI Punjab,Mumbai Indians,Kings XI Punjab,field,Mumbai Indians,25,,PA Patel,,male,T20
980943,2016,2016-04-26,Hyderabad,"Rajiv Gandhi International Stadium, Uppal",Indian Premier League,22,Sunrisers Hyderabad,Rising Pune Supergiants,Rising Pune Supergiants,field,Rising Pune Supergiants,34,,AB Dinda,,male,T20
980945,2016,2016-04-27,Delhi,Feroz Shah Kotla,Indian Premier League,23,Delhi Daredevils,Gujarat Lions,Delhi Daredevils,field,Gujarat Lions,1,,CH Morris,,male,T20
980947,2016,2016-04-28,Mumbai,Wankhede Stadium,Indian Premier League,24,Mumbai Indians,Kolkata Knight Riders,Mumbai Indians,field,Mumbai Indians,,6,RG Sharma,,male,T20
980949,2016,2016-04-29,Pune,Maharashtra Cricket Association Stadium,Indian Premier League,25,Rising Pune Supergiants,Gujarat Lions,Gujarat Lions,field,Gujarat Lions,,3,DR Smith,,male,T20
980951,2016,2016-04-30,Delhi,Feroz Shah Kotla,Indian Premier League,26,Delhi Daredevils,Kolkata Knight Riders,Kolkata Knight Riders,field,Delhi Daredevils,27,,CR Brathwaite,,male,T20
980953,2016,2016-04-30,Hyderabad,"Rajiv Gandhi International Stadium, Uppal",Indian Premier League,27,Sunrisers Hyderabad,Royal Challengers Bangalore,Royal Challengers Bangalore,field,Sunrisers Hyderabad,15,,DA Warner,,male,T20
980955,2016,2016-05-01,Rajkot,Saurashtra Cricket Association Stadium,Indian Premier League,28,Gujarat Lions,Kings XI Punjab,Gujarat Lions,field,Kings XI Punjab,23,,AR Patel,,male,T20
980957,2016,2016-05-01,Pune,Maharashtra Cricket Association Stadium,Indian Premier League,29,Rising Pune Supergiants,Mumbai Indians,Mumbai Indians,field,Mumbai Indians,,8,RG Sharma,,male,T20
980959,2016,2016-05-02,Bangalore,M Chinnaswamy Stadium,Indian Premier League,30,Royal Challengers Bangalore,Kolkata Knight Riders,Kolkata Knight Riders,field,Kolkata Knight Riders,,5,AD Russell,,male,T20
980961,2016,2016-05-03,Rajkot,Saurashtra Cricket Association Stadium,Indian Premier League,31,Gujarat Lions,Delhi Daredevils,Delhi Daredevils,field,Delhi Daredevils,,8,RR Pant,,male,T20
980963,2016,2016-05-04,Kolkata,Eden Gardens,Indian Premier League,32,Kolkata Knight Riders,Kings XI Punjab,Kings XI Punjab,field,Kolkata Knight Riders,7,,AD Russell,,male,T20
980965,2016,2016-05-05,Delhi,Feroz Shah Kotla,Indian Premier League,33,Delhi Daredevils,Rising Pune Supergiants,Rising Pune Supergiants,field,Rising Pune Supergiants,,7,AM Rahane,,male,T20
980967,2016,2016-05-06,Hyderabad,"Rajiv Gandhi International Stadium, Uppal",Indian Premier League,34,Sunrisers Hyderabad,Gujarat Lions,Sunrisers Hyderabad,field,Sunrisers Hyderabad,,5,B Kumar,,male,T20
980969,2016,2016-05-07,Bangalore,M Chinnaswamy Stadium,Indian Premier League,35,Royal Challengers Bangalore,Rising Pune Supergiants,Royal Challengers Bangalore,field,Royal Challengers Bangalore,,7,V Kohli,,male,T20
980971,2016,2016-05-07,Chandigarh,"Punjab Cricket Association IS Bindra Stadium, Mohali",Indian Premier League,36,Kings XI Punjab,Delhi Daredevils,Delhi Daredevils,field,Kings XI Punjab,9,,MP Stoinis,,male,T20
980973,2016,2016-05-08,Visakhapatnam,Dr. Y.S. Rajasekhara Reddy ACA-VDCA Cricket Stadium,Indian Premier League,37,Mumbai Indians,Sunrisers Hyderabad,Mumbai Indians,field,Sunrisers Hyderabad,85,,A Nehra,,male,T20
980975,2016,2016-05-08,Kolkata,Eden Gardens,Indian Premier League,38,Kolkata Knight Riders,Gujarat Lions,Gujarat Lions,field,Gujarat Lions,,5,P Kumar,,male,T20
980977,2016,2016-05-09,Chandigarh,"Punjab Cricket Association IS Bindra Stadium, Mohali",Indian Premier League,39,Kings XI Punjab,Royal Challengers Bangalore,Kings XI Punjab,field,Royal Challengers Bangalore,1,,SR Watson,,male,T20
980979,2016,2016-05-10,Visakhapatnam,Dr. Y.S. Rajasekhara Reddy ACA-VDCA Cricket Stadium,Indian Premier League,40,Rising Pune Supergiants,Sunrisers Hyderabad,Sunrisers Hyderabad,bat,Sunrisers Hyderabad,4,,A Zampa,,male,T20
980981,2016,2016-05-11,Bangalore,M Chinnaswamy Stadium,Indian Premier League,41,Royal Challengers Bangalore,Mumbai Indians,Mumbai Indians,field,Mumbai Indians,,6,KH Pandya,,male,T20
980983,2016,2016-05-12,Hyderabad,"Rajiv Gandhi International Stadium, Uppal",Indian Premier League,42,Sunrisers Hyderabad,Delhi Daredevils,Delhi Daredevils,field,Delhi Daredevils,,7,CH Morris,,male,T20
980985,2016,2016-05-13,Visakhapatnam,Dr. Y.S. Rajasekhara Reddy ACA-VDCA Cricket Stadium,Indian Premier League,43,Mumbai Indians,Kings XI Punjab,Mumbai Indians,bat,Kings XI Punjab,,7,MP Stoinis,,male,T20
980987,2016,2016-05-14,Bangalore,M Chinnaswamy Stadium,Indian Premier League,44,Royal Challengers Bangalore,Gujarat Lions,Gujarat Lions,field,Royal Challengers Bangalore,144,,AB de Villiers,,male,T20
980989,2016,2016-05-14,Kolkata,Eden Gardens,Indian Premier League,45,Kolkata Knight Riders,Rising Pune Supergiants,Rising Pune Supergiants,bat,Kolkata Knight Riders,,8,YK Pathan,,male,T20
980991,2016,2016-05-15,Chandigarh,"Punjab Cricket Association IS Bindra Stadium, Mohali",Indian Premier League,46,Kings XI Punjab,Sunrisers Hyderabad,Kings XI Punjab,bat,Sunrisers Hyderabad,,7,HM Amla,,male,T20
980993,2016,2016-05-15,Visakhapatnam,Dr. Y.S. Rajasekhara Reddy ACA-VDCA Cricket Stadium,Indian Premier League,47,Mumbai Indians,Delhi Daredevils,Delhi Daredevils,field,Mumbai Indians,80,,KH Pandya,,male,T20
980995,2016,2016-05-16,Kolkata,Eden Gardens,Indian Premier League,48,Kolkata Knight Riders,Royal Challengers Bangalore,Royal Challengers Bangalore,field,Royal Challengers Bangalore,,9,V Kohli,,male,T20
980997,2016,2016-05-17,Visakhapatnam,Dr. Y.S. Rajasekhara Reddy ACA-VDCA Cricket Stadium,Indian Premier League,49,Rising Pune Supergiants,Delhi Daredevils,Rising Pune Supergiants,field,Rising Pune Supergiants,19,,AB Dinda,,male,T20
980999,2016,2016-05-18,Bangalore,M Chinnaswamy Stadium,Indian Premier League,50,Royal Challengers Bangalore,Kings XI Punjab,Kings XI Punjab,field,Royal Challengers Bangalore,82,,V Kohli,,male,T20
981001,2016,2016-05-19,Kanpur,Green Park,Indian Premier League,51,Gujarat Lions,Kolkata Knight Riders,Gujarat Lions,field,Gujarat Lions,,6,DR Smith,,male,T20
981003,2016,2016-05-20,Raipur,Shaheed Veer Narayan Singh International Stadium,Indian Premier League,52,Delhi Daredevils,Sunrisers Hyderabad,Delhi Daredevils,field,Delhi Daredevils,,6,KK Nair,,male,T20
981005,2016,2016-05-21,Visakhapatnam,Dr. Y.S. Rajasekhara Reddy ACA-VDCA Cricket Stadium,Indian Premier League,53,Rising Pune Supergiants,Kings XI Punjab,Kings XI Punjab,bat,Rising Pune Supergiants,,4,MS Dhoni,,male,T20
981007,2016,2016-05-21,Kanpur,Green Park,Indian Premier League,54,Gujarat Lions,Mumbai Indians,Gujarat Lions,field,Gujarat Lions,,6,SK Raina,,male,T20
981009,2016,2016-05-22,Kolkata,Eden Gardens,Indian Premier League,55,Kolkata Knight Riders,Sunrisers Hyderabad,Sunrisers Hyderabad,field,Kolkata Knight Riders,22,,YK Pathan,,male,T20
981011,2016,2016-05-22,Raipur,Shaheed Veer Narayan Singh International Stadium,Indian Premier League,56,Delhi Daredevils,Royal Challengers Bangalore,Royal Challengers Bangalore,field,Royal Challengers Bangalore,,6,V Kohli,,male,T20
981013,2016,2016-05-24,Bangalore,M Chinnaswamy Stadium,Indian Premier League,,Gujarat Lions,Royal Challengers Bangalore,Royal Challengers Bangalore,field,Royal Challengers Bangalore,,4,AB de Villiers,,male,T20
981015,2016,2016-05-25,Delhi,Feroz Shah Kotla,Indian Premier League,,Sunrisers Hyderabad,Kolkata Knight Riders,Kolkata Knight Riders,field,Sunrisers Hyderabad,22,,MC Henriques,,male,T20
981017,2016,2016-05-27,Delhi,Feroz Shah Kotla,Indian Premier League,,Gujarat Lions,Sunrisers Hyderabad,Sunrisers Hyderabad,field,Sunrisers Hyderabad,,4,DA Warner,,male,T20
981019,2016,2016-05-29,Bangalore,M Chinnaswamy Stadium,Indian Premier League,,Royal Challengers Bangalore,Sunrisers Hyderabad,Sunrisers Hyderabad,bat,Sunrisers Hyderabad,8,,BCJ Cutting,,male,T20
